comparison,n_tested,n_p_lt_0_05,n_FDR_lt_0_20,n_FDR_lt_0_10,n_FDR_lt_0_05,n_Hits_05_Beta01,n_Bonf_lt_0_05,lambda_GC,results_csv,fdr_csv,hits_csv,top20_csv,top20_genes_csv,qq_png,volcano_png,manhattan_png
A1 — asthma_GLOBAL_vs_CONTROLS,864152,94278,0,0,0,0,0,1.5986095040732595,results_drop_ecuador/04_ewas/EWAS_A1_asthma_GLOBAL_vs_CONTROLS.csv,results_drop_ecuador/04_ewas/EWAS_A1_asthma_GLOBAL_vs_CONTROLS_FDR.csv,results_drop_ecuador/04_ewas/EWAS_A1_asthma_GLOBAL_vs_CONTROLS_HITS.csv,results_drop_ecuador/04_ewas/EWAS_A1_asthma_GLOBAL_vs_CONTROLS_Top20.csv,results_drop_ecuador/04_ewas/EWAS_A1_asthma_GLOBAL_vs_CONTROLS_Top20_genes.csv,figures_drop_ecuador/04_ewas/QQ_A1_asthma_GLOBAL_vs_CONTROLS.png,figures_drop_ecuador/04_ewas/VOLCANO_A1_asthma_GLOBAL_vs_CONTROLS.png,figures_drop_ecuador/04_ewas/MANHATTAN_A1_asthma_GLOBAL_vs_CONTROLS.png
A10 — phenotype_signature_C2_vs_rest,864152,63916,52,11,6,6,2,1.1580303915030816,results_drop_ecuador/04_ewas/EWAS_A10_phenotype_signature_C2_vs_rest.csv,results_drop_ecuador/04_ewas/EWAS_A10_phenotype_signature_C2_vs_rest_FDR.csv,results_drop_ecuador/04_ewas/EWAS_A10_phenotype_signature_C2_vs_rest_HITS.csv,results_drop_ecuador/04_ewas/EWAS_A10_phenotype_signature_C2_vs_rest_Top20.csv,results_drop_ecuador/04_ewas/EWAS_A10_phenotype_signature_C2_vs_rest_Top20_genes.csv,figures_drop_ecuador/04_ewas/QQ_A10_phenotype_signature_C2_vs_rest.png,figures_drop_ecuador/04_ewas/VOLCANO_A10_phenotype_signature_C2_vs_rest.png,figures_drop_ecuador/04_ewas/MANHATTAN_A10_phenotype_signature_C2_vs_rest.png
A11 — phenotype_signature_C3_vs_rest,864152,37506,0,0,0,0,0,0.993185894953296,results_drop_ecuador/04_ewas/EWAS_A11_phenotype_signature_C3_vs_rest.csv,results_drop_ecuador/04_ewas/EWAS_A11_phenotype_signature_C3_vs_rest_FDR.csv,results_drop_ecuador/04_ewas/EWAS_A11_phenotype_signature_C3_vs_rest_HITS.csv,results_drop_ecuador/04_ewas/EWAS_A11_phenotype_signature_C3_vs_rest_Top20.csv,results_drop_ecuador/04_ewas/EWAS_A11_phenotype_signature_C3_vs_rest_Top20_genes.csv,figures_drop_ecuador/04_ewas/QQ_A11_phenotype_signature_C3_vs_rest.png,figures_drop_ecuador/04_ewas/VOLCANO_A11_phenotype_signature_C3_vs_rest.png,figures_drop_ecuador/04_ewas/MANHATTAN_A11_phenotype_signature_C3_vs_rest.png
A12 — phenotype_signature_C4_vs_rest,864152,22601,0,0,0,0,0,0.8438674564175666,results_drop_ecuador/04_ewas/EWAS_A12_phenotype_signature_C4_vs_rest.csv,results_drop_ecuador/04_ewas/EWAS_A12_phenotype_signature_C4_vs_rest_FDR.csv,results_drop_ecuador/04_ewas/EWAS_A12_phenotype_signature_C4_vs_rest_HITS.csv,results_drop_ecuador/04_ewas/EWAS_A12_phenotype_signature_C4_vs_rest_Top20.csv,results_drop_ecuador/04_ewas/EWAS_A12_phenotype_signature_C4_vs_rest_Top20_genes.csv,figures_drop_ecuador/04_ewas/QQ_A12_phenotype_signature_C4_vs_rest.png,figures_drop_ecuador/04_ewas/VOLCANO_A12_phenotype_signature_C4_vs_rest.png,figures_drop_ecuador/04_ewas/MANHATTAN_A12_phenotype_signature_C4_vs_rest.png
A13 — phenotype_signature_C5_vs_rest,864152,28584,0,0,0,0,0,0.9438040858436202,results_drop_ecuador/04_ewas/EWAS_A13_phenotype_signature_C5_vs_rest.csv,results_drop_ecuador/04_ewas/EWAS_A13_phenotype_signature_C5_vs_rest_FDR.csv,results_drop_ecuador/04_ewas/EWAS_A13_phenotype_signature_C5_vs_rest_HITS.csv,results_drop_ecuador/04_ewas/EWAS_A13_phenotype_signature_C5_vs_rest_Top20.csv,results_drop_ecuador/04_ewas/EWAS_A13_phenotype_signature_C5_vs_rest_Top20_genes.csv,figures_drop_ecuador/04_ewas/QQ_A13_phenotype_signature_C5_vs_rest.png,figures_drop_ecuador/04_ewas/VOLCANO_A13_phenotype_signature_C5_vs_rest.png,figures_drop_ecuador/04_ewas/MANHATTAN_A13_phenotype_signature_C5_vs_rest.png
A14 — phenotype_signature_C6_vs_rest,864152,71292,0,0,0,0,0,1.3591330784080604,results_drop_ecuador/04_ewas/EWAS_A14_phenotype_signature_C6_vs_rest.csv,results_drop_ecuador/04_ewas/EWAS_A14_phenotype_signature_C6_vs_rest_FDR.csv,results_drop_ecuador/04_ewas/EWAS_A14_phenotype_signature_C6_vs_rest_HITS.csv,results_drop_ecuador/04_ewas/EWAS_A14_phenotype_signature_C6_vs_rest_Top20.csv,results_drop_ecuador/04_ewas/EWAS_A14_phenotype_signature_C6_vs_rest_Top20_genes.csv,figures_drop_ecuador/04_ewas/QQ_A14_phenotype_signature_C6_vs_rest.png,figures_drop_ecuador/04_ewas/VOLCANO_A14_phenotype_signature_C6_vs_rest.png,figures_drop_ecuador/04_ewas/MANHATTAN_A14_phenotype_signature_C6_vs_rest.png
A2 — asthma_ATOPIC_vs_Control_Atopic,864152,82184,0,0,0,0,0,1.5704289669866485,results_drop_ecuador/04_ewas/EWAS_A2_asthma_ATOPIC_vs_Control_Atopic.csv,results_drop_ecuador/04_ewas/EWAS_A2_asthma_ATOPIC_vs_Control_Atopic_FDR.csv,results_drop_ecuador/04_ewas/EWAS_A2_asthma_ATOPIC_vs_Control_Atopic_HITS.csv,results_drop_ecuador/04_ewas/EWAS_A2_asthma_ATOPIC_vs_Control_Atopic_Top20.csv,results_drop_ecuador/04_ewas/EWAS_A2_asthma_ATOPIC_vs_Control_Atopic_Top20_genes.csv,figures_drop_ecuador/04_ewas/QQ_A2_asthma_ATOPIC_vs_Control_Atopic.png,figures_drop_ecuador/04_ewas/VOLCANO_A2_asthma_ATOPIC_vs_Control_Atopic.png,figures_drop_ecuador/04_ewas/MANHATTAN_A2_asthma_ATOPIC_vs_Control_Atopic.png
A3 — asthma_NONATOPIC_vs_Control_NonAtopic,864152,30436,0,0,0,0,0,0.8897212481588728,results_drop_ecuador/04_ewas/EWAS_A3_asthma_NONATOPIC_vs_Control_NonAtopic.csv,results_drop_ecuador/04_ewas/EWAS_A3_asthma_NONATOPIC_vs_Control_NonAtopic_FDR.csv,results_drop_ecuador/04_ewas/EWAS_A3_asthma_NONATOPIC_vs_Control_NonAtopic_HITS.csv,results_drop_ecuador/04_ewas/EWAS_A3_asthma_NONATOPIC_vs_Control_NonAtopic_Top20.csv,results_drop_ecuador/04_ewas/EWAS_A3_asthma_NONATOPIC_vs_Control_NonAtopic_Top20_genes.csv,figures_drop_ecuador/04_ewas/QQ_A3_asthma_NONATOPIC_vs_Control_NonAtopic.png,figures_drop_ecuador/04_ewas/VOLCANO_A3_asthma_NONATOPIC_vs_Control_NonAtopic.png,figures_drop_ecuador/04_ewas/MANHATTAN_A3_asthma_NONATOPIC_vs_Control_NonAtopic.png
A4 — atopy_CONTROLS_C6_vs_C4,864152,16608,0,0,0,0,0,0.574782252866147,results_drop_ecuador/04_ewas/EWAS_A4_atopy_CONTROLS_C6_vs_C4.csv,results_drop_ecuador/04_ewas/EWAS_A4_atopy_CONTROLS_C6_vs_C4_FDR.csv,results_drop_ecuador/04_ewas/EWAS_A4_atopy_CONTROLS_C6_vs_C4_HITS.csv,results_drop_ecuador/04_ewas/EWAS_A4_atopy_CONTROLS_C6_vs_C4_Top20.csv,results_drop_ecuador/04_ewas/EWAS_A4_atopy_CONTROLS_C6_vs_C4_Top20_genes.csv,figures_drop_ecuador/04_ewas/QQ_A4_atopy_CONTROLS_C6_vs_C4.png,figures_drop_ecuador/04_ewas/VOLCANO_A4_atopy_CONTROLS_C6_vs_C4.png,figures_drop_ecuador/04_ewas/MANHATTAN_A4_atopy_CONTROLS_C6_vs_C4.png
A5 — atopy_IN_ASTHMA,864152,90042,4,4,4,4,0,1.5533391420795426,results_drop_ecuador/04_ewas/EWAS_A5_atopy_IN_ASTHMA.csv,results_drop_ecuador/04_ewas/EWAS_A5_atopy_IN_ASTHMA_FDR.csv,results_drop_ecuador/04_ewas/EWAS_A5_atopy_IN_ASTHMA_HITS.csv,results_drop_ecuador/04_ewas/EWAS_A5_atopy_IN_ASTHMA_Top20.csv,results_drop_ecuador/04_ewas/EWAS_A5_atopy_IN_ASTHMA_Top20_genes.csv,figures_drop_ecuador/04_ewas/QQ_A5_atopy_IN_ASTHMA.png,figures_drop_ecuador/04_ewas/VOLCANO_A5_atopy_IN_ASTHMA.png,figures_drop_ecuador/04_ewas/MANHATTAN_A5_atopy_IN_ASTHMA.png
A6 — atopy_GLOBAL,864152,82965,2,2,0,0,0,1.4572651924843862,results_drop_ecuador/04_ewas/EWAS_A6_atopy_GLOBAL.csv,results_drop_ecuador/04_ewas/EWAS_A6_atopy_GLOBAL_FDR.csv,results_drop_ecuador/04_ewas/EWAS_A6_atopy_GLOBAL_HITS.csv,results_drop_ecuador/04_ewas/EWAS_A6_atopy_GLOBAL_Top20.csv,results_drop_ecuador/04_ewas/EWAS_A6_atopy_GLOBAL_Top20_genes.csv,figures_drop_ecuador/04_ewas/QQ_A6_atopy_GLOBAL.png,figures_drop_ecuador/04_ewas/VOLCANO_A6_atopy_GLOBAL.png,figures_drop_ecuador/04_ewas/MANHATTAN_A6_atopy_GLOBAL.png
A7 — severity_INDEPENDENT,864152,35614,1,1,0,0,0,0.922388036696108,results_drop_ecuador/04_ewas/EWAS_A7_severity_INDEPENDENT.csv,results_drop_ecuador/04_ewas/EWAS_A7_severity_INDEPENDENT_FDR.csv,results_drop_ecuador/04_ewas/EWAS_A7_severity_INDEPENDENT_HITS.csv,results_drop_ecuador/04_ewas/EWAS_A7_severity_INDEPENDENT_Top20.csv,results_drop_ecuador/04_ewas/EWAS_A7_severity_INDEPENDENT_Top20_genes.csv,figures_drop_ecuador/04_ewas/QQ_A7_severity_INDEPENDENT.png,figures_drop_ecuador/04_ewas/VOLCANO_A7_severity_INDEPENDENT.png,figures_drop_ecuador/04_ewas/MANHATTAN_A7_severity_INDEPENDENT.png
A8 — severity_ATOPIC_C1_vs_C3,864152,40875,0,0,0,0,0,0.8935710607908564,results_drop_ecuador/04_ewas/EWAS_A8_severity_ATOPIC_C1_vs_C3.csv,results_drop_ecuador/04_ewas/EWAS_A8_severity_ATOPIC_C1_vs_C3_FDR.csv,results_drop_ecuador/04_ewas/EWAS_A8_severity_ATOPIC_C1_vs_C3_HITS.csv,results_drop_ecuador/04_ewas/EWAS_A8_severity_ATOPIC_C1_vs_C3_Top20.csv,results_drop_ecuador/04_ewas/EWAS_A8_severity_ATOPIC_C1_vs_C3_Top20_genes.csv,figures_drop_ecuador/04_ewas/QQ_A8_severity_ATOPIC_C1_vs_C3.png,figures_drop_ecuador/04_ewas/VOLCANO_A8_severity_ATOPIC_C1_vs_C3.png,figures_drop_ecuador/04_ewas/MANHATTAN_A8_severity_ATOPIC_C1_vs_C3.png
A9 — phenotype_signature_C1_vs_rest,864152,66778,4856,1583,335,332,1,1.3541625036445462,results_drop_ecuador/04_ewas/EWAS_A9_phenotype_signature_C1_vs_rest.csv,results_drop_ecuador/04_ewas/EWAS_A9_phenotype_signature_C1_vs_rest_FDR.csv,results_drop_ecuador/04_ewas/EWAS_A9_phenotype_signature_C1_vs_rest_HITS.csv,results_drop_ecuador/04_ewas/EWAS_A9_phenotype_signature_C1_vs_rest_Top20.csv,results_drop_ecuador/04_ewas/EWAS_A9_phenotype_signature_C1_vs_rest_Top20_genes.csv,figures_drop_ecuador/04_ewas/QQ_A9_phenotype_signature_C1_vs_rest.png,figures_drop_ecuador/04_ewas/VOLCANO_A9_phenotype_signature_C1_vs_rest.png,figures_drop_ecuador/04_ewas/MANHATTAN_A9_phenotype_signature_C1_vs_rest.png
