"ONTOLOGY","TERM","N","DE","P.DE","FDR","SigGenesInSet","comp_id"
"CC","lytic vacuole",749,144,1.22502069770637e-09,1.05445666932815e-05,"ABCB6,GPC6,RAMP2,RAMP3,CPQ,PLAAT3,CHIT1,PADI2,CLNK,BORCS5,CLCN6,CLCN7,TPP1,DRAM2,SLC31A2,CSF3,CSF3R,NFAM1,CTSB,CTSG,CTSS,CTSZ,SLC38A9,ARSK,ABCA13,VPS13B,AP1G1,DEFA4,DYNC1H1,RAB12,SLC36A1,TPCN2,MARCHF8,DAGLB,ZNRF2,ARSG,FNBP1,TAB2,FMOD,SZT2,VPS39,PLD3,FTL,GCA,GALC,GALNS,IL4I1,GDI2,GLB1,GM2A,GNAI3,GNAQ,GNB1,GNS,ANK3,GYG1,ANXA2,HCK,HEXA,HEXB,ANXA6,HLA-DQA1,HLA-DRB1,HLA-DRB5,HPS1,RAB37,KCNQ1,ARG1,LAMP1,LRP2,ARRB1,ARSB,MAN2B1,MITF,MPO,MYO5A,NAGA,NCF2,NPC1,PLAC8,PCYOX1,ANKFY1,ATP6V1H,WWOX,ATP6V1B2,ATP6V1C1,TM6SF1,ACP5,CMTM6,MARCHF1,CPPED1,SLC29A3,DRAM1,LAPTM4B,PI4K2A,PPT1,PIP4P2,TMEM165,MAPK1,DNAJC3,LRRC8A,AZU1,PSAP,PSEN2,RETN,SPHK2,RPTOR,ELAPOR1,FNIP2,MEAK7,RAB27A,RAB5C,RHEB,SLC17A9,CHID1,SRC,STXBP2,TRPM2,LAPTM5,RAB7A,AHNAK,FYCO1,PLBD1,LPCAT1,CUBN,DNAJC5,SLC7A5,TMEM163,CAPN1,ANKRD27,SLC49A4,ZNRF1,CST7,RNASET2,CPNE1,AP1M1,BCL10,HPS4,TM4SF5,SPAG9,PIP4P1,SYNGR1,CD63,DEPDC5,TMEM63A,LAPTM4A,PLEKHM1","Sputum_Neutrophilic"
"CC","lysosome",749,144,1.22502069770637e-09,1.05445666932815e-05,"ABCB6,GPC6,RAMP2,RAMP3,CPQ,PLAAT3,CHIT1,PADI2,CLNK,BORCS5,CLCN6,CLCN7,TPP1,DRAM2,SLC31A2,CSF3,CSF3R,NFAM1,CTSB,CTSG,CTSS,CTSZ,SLC38A9,ARSK,ABCA13,VPS13B,AP1G1,DEFA4,DYNC1H1,RAB12,SLC36A1,TPCN2,MARCHF8,DAGLB,ZNRF2,ARSG,FNBP1,TAB2,FMOD,SZT2,VPS39,PLD3,FTL,GCA,GALC,GALNS,IL4I1,GDI2,GLB1,GM2A,GNAI3,GNAQ,GNB1,GNS,ANK3,GYG1,ANXA2,HCK,HEXA,HEXB,ANXA6,HLA-DQA1,HLA-DRB1,HLA-DRB5,HPS1,RAB37,KCNQ1,ARG1,LAMP1,LRP2,ARRB1,ARSB,MAN2B1,MITF,MPO,MYO5A,NAGA,NCF2,NPC1,PLAC8,PCYOX1,ANKFY1,ATP6V1H,WWOX,ATP6V1B2,ATP6V1C1,TM6SF1,ACP5,CMTM6,MARCHF1,CPPED1,SLC29A3,DRAM1,LAPTM4B,PI4K2A,PPT1,PIP4P2,TMEM165,MAPK1,DNAJC3,LRRC8A,AZU1,PSAP,PSEN2,RETN,SPHK2,RPTOR,ELAPOR1,FNIP2,MEAK7,RAB27A,RAB5C,RHEB,SLC17A9,CHID1,SRC,STXBP2,TRPM2,LAPTM5,RAB7A,AHNAK,FYCO1,PLBD1,LPCAT1,CUBN,DNAJC5,SLC7A5,TMEM163,CAPN1,ANKRD27,SLC49A4,ZNRF1,CST7,RNASET2,CPNE1,AP1M1,BCL10,HPS4,TM4SF5,SPAG9,PIP4P1,SYNGR1,CD63,DEPDC5,TMEM63A,LAPTM4A,PLEKHM1","Sputum_Neutrophilic"
"CC","vacuole",838,156,1.3920832635031e-09,1.05445666932815e-05,"ABCB6,GPC6,OPTN,RAMP2,RAMP3,CPQ,PLAAT3,CHIT1,PADI2,CLNK,BORCS5,CLCN6,CLCN7,TPP1,DRAM2,SLC31A2,VTI1A,CSF3,CSF3R,NFAM1,CTSB,CTSG,CTSS,CTSZ,SLC38A9,ARSK,ABCA13,VPS13B,AP1G1,DEFA4,DYNC1H1,RAB12,SLC36A1,TPCN2,MARCHF8,DAGLB,ZNRF2,ARSG,WDFY3,FNBP1,TAB2,FMOD,SZT2,VPS39,PLD3,GABARAPL1,FTL,GCA,GALC,GALNS,IL4I1,GDI2,GLB1,GM2A,GNAI3,GNAQ,GNB1,GNS,RUFY4,SLC36A3,ANK3,GYG1,ANXA2,HCK,HEXA,HEXB,ANXA6,HLA-DQA1,HLA-DRB1,HLA-DRB5,HPS1,RAB37,KCNQ1,ARG1,LAMP1,LRP2,ARRB1,ARSB,MAN2B1,MITF,MPO,MYO5A,NAGA,NCF2,NPC1,PLAC8,PCYOX1,ANKFY1,TMEM138,ATP6V1H,WWOX,ATP6V1B2,ATP6V1C1,TM6SF1,ACP5,CMTM6,MARCHF1,CPPED1,SLC29A3,DRAM1,LAPTM4B,PI4K2A,PPT1,PIP4P2,TMEM165,MAPK1,DNAJC3,LRRC8A,AZU1,PSAP,PSEN2,RETN,SPHK2,RPTOR,ELAPOR1,FNIP2,MEAK7,RAB27A,RAB5C,RHEB,SLC17A9,CHID1,SRC,STXBP2,TRPM2,LAPTM5,RAB7A,AHNAK,FYCO1,PLBD1,LPCAT1,RUBCNL,CUBN,DNAJC5,SLC7A5,TMEM163,VMP1,SBF2,CAPN1,ANKRD27,SLC49A4,ZNRF1,CST7,ABCC11,RNASET2,CPNE1,AP1M1,BCL10,HPS4,TM4SF5,SPAG9,PIP4P1,SYNGR1,CD63,DEPDC5,TMEM63A,LAPTM4A,TBC1D5,PLEKHM1","Sputum_Neutrophilic"
"CC","intracellular vesicle",2494,389,2.74014991885403e-09,1.55667916890098e-05,"PDCD6,ABCC5,ABCB6,OPTN,TNK2,ADAM10,NOD1,NDRG1,GPNMB,BAIAP2,OLFM4,STAMBP,GNA13,TRAF3IP2,IQGAP2,AP3M2,TMED10,LILRB3,RAB31,ABHD2,ADAM30,CHI3L1,CHIT1,PADI2,CHRM2,VPS26B,GALNT15,AP3S1,BORCS5,CLCN6,CLU,TPP1,SPPL3,OSCAR,SLC31A2,CPE,SIRPA,VTI1A,CSF3,CSF3R,PHETA1,TOM1L2,TMEM190,CTLA4,NFAM1,CTSB,CTSG,CTSS,CTSZ,DAB2IP,SLC38A9,ABCA13,VPS13B,CLEC12A,CNST,AP1G1,DEFA4,CLEC4C,DNASE1L1,DYNC1H1,DOCK2,AHCY,ANO6,MCEMP1,SPRED2,RAB12,EPS15,TPCN2,MARCHF8,ADGRG3,ZNRF2,RAB11FIP2,AAK1,LMTK2,INPP5F,DENND3,EPN2,TRAK1,CEP131,TNIK,KIF21B,FNBP1,AVL9,KIF1B,TBC1D2B,TAB2,RFTN1,CYFIP1,FLT1,FLT3,RHOBTB2,MGRN1,NEDD4L,VPS39,UBR4,COTL1,TSPAN15,FPR2,CDC42EP4,CORO1C,LY96,PLD3,SH3BP4,GABARAPL1,ALOX5,FTL,ACKR1,FYN,GCA,PRDX5,ARMC8,GALNS,MYRIP,IL4I1,HEATR5A,GGA1,GAPVD1,MYOF,CHIC2,GDI2,RGL4,SND1,DISC1,AMPD3,GLB1,CRCP,BIN1,GM2A,GNS,RNF149,RUFY4,GPER1,GRB2,RAPGEF1,DBNL,CD274,GSN,ZDHHC1,GYG1,ANXA2,HCK,HEXA,HEXB,ANXA6,HLA-DQA1,HLA-DRB1,HLA-DRB5,AOAH,APBB2,HPS1,RAB37,APP,TICAM2,IL7R,INPP4A,AQP7,IRAK2,ITGAL,ITPR1,ITPR2,JAK1,ATP9B,KCNQ1,ARG1,SLC9A4,LAIR1,LAMP1,LCN2,LGALS3,LGALS3BP,LRP2,ARRB1,ARSB,MAN1A1,MAN2B1,MPO,TARM1,MYO1B,MSR1,NUDT1,MYH9,MYH11,MYO1C,MYO1E,MYO5A,NCF2,SEPTIN2,NEO1,NFKB1,NGF,NGFR,NOTCH1,NPC1,OLR1,P4HB,ITSN2,PALM,PRKN,PLAC8,PDE4B,ANKFY1,ATP6V1H,CAB39,ATP6V1B2,SERPINA1,SERPINB6,ATP6V1C1,PI4KA,PI4KB,YIPF1,RIN2,HEATR5B,CCDC93,LEPROT,PCSK4,PXK,CMTM6,CLN6,MARCHF1,EPN3,PLEKHB2,VPS37C,APPL2,UQCC1,VPS53,CPPED1,SLC29A3,LAPTM4B,PI4K2A,PPT1,PIP4P2,STAB2,RAB20,SCYL2,TMEM165,PRKCZ,MAPK1,DNAJC3,KLK10,AZU1,PSAP,PSEN2,RETN,PSMB7,VPS35L,CD177,ERGIC1,PTAFR,BIRC6,MIB1,ELAPOR1,SORCS2,WDFY1,PTPN1,WDFY4,DENND1A,ZFYVE28,PTPRJ,PTPRN2,RAB27A,RAB5C,RAP2A,TMEM35A,BCL2L1,TRIM27,ROCK1,CLIP1,S100A9,S100A12,S100P,SCN8A,SLC17A9,SELL,GOLPH3,RBSN,MMP25,WIPF3,TMEM168,ITSN1,ARRDC5,SH3GL1,SLA,SLC2A5,SLC6A9,SLC9A3,SLC34A1,SLPI,CHID1,SNTB2,SORL1,SRC,STK10,STXBP2,BSG,TGFA,TGFB3,TIMP2,TLR4,TRAPPC10,TNFRSF1B,TRAF3,TRPM2,TYRP1,UBE2D3,CLRN1,VCL,EZR,FMNL1,XRCC5,LDLRAD4,YWHAE,YWHAZ,LAPTM5,RAB7A,FYCO1,SH3TC2,MCTP1,ZDHHC11,LPCAT1,RIN3,ATP8B4,KIAA0319L,SYNDIG1,WLS,RUBCNL,RAB11FIP1,RUFY1,PHAF1,CUBN,FER1L4,DNAJC5,DUSP16,DCSTAMP,SNX27,TMEM163,CAMK2D,CAMK2G,SBF2,CAPG,CAPN1,DYSF,PICALM,AXIN1,TRAPPC9,ITCH,MYCBPAP,ANKRD27,HPS3,RAB11FIP4,CRACR2A,ZNRF1,CST7,ABCC11,STON2,SSH2,RNASET2,MARCO,NRP1,CPNE1,AP1M1,HPS4,MVB12B,PKD2L1,SPAG9,PIP4P1,USP10,SYNGR1,RAB11B,MS4A3,CPNE6,TM9SF2,GRAP2,SH3BP5,STX8,SLC4A8,RPH3AL,CYTIP,CD44,ABCG1,SEC24C,CD58,CD59,CD63,TMEM63A,LAPTM4A,PHACTR2,TBC1D5,CDA,RNF144A,MTSS1,PLEKHM1,FCHSD2,RABGAP1L,SEC16A,IQSEC1,MVP,DOP1B,CDH1","Sputum_Neutrophilic"
"CC","cytoplasmic vesicle",2489,387,3.97405452066505e-09,1.63235489204465e-05,"PDCD6,ABCC5,ABCB6,OPTN,TNK2,ADAM10,NOD1,NDRG1,GPNMB,BAIAP2,OLFM4,STAMBP,GNA13,TRAF3IP2,IQGAP2,AP3M2,TMED10,LILRB3,RAB31,ABHD2,ADAM30,CHI3L1,CHIT1,PADI2,CHRM2,VPS26B,GALNT15,AP3S1,BORCS5,CLCN6,CLU,TPP1,SPPL3,OSCAR,SLC31A2,CPE,SIRPA,VTI1A,CSF3,CSF3R,PHETA1,TOM1L2,TMEM190,CTLA4,NFAM1,CTSB,CTSG,CTSS,CTSZ,DAB2IP,SLC38A9,ABCA13,VPS13B,CLEC12A,CNST,AP1G1,DEFA4,CLEC4C,DNASE1L1,DYNC1H1,DOCK2,AHCY,ANO6,MCEMP1,SPRED2,RAB12,EPS15,TPCN2,MARCHF8,ADGRG3,ZNRF2,RAB11FIP2,AAK1,LMTK2,INPP5F,DENND3,EPN2,TRAK1,CEP131,TNIK,KIF21B,FNBP1,AVL9,KIF1B,TBC1D2B,TAB2,RFTN1,CYFIP1,FLT1,FLT3,RHOBTB2,MGRN1,NEDD4L,VPS39,UBR4,COTL1,TSPAN15,FPR2,CDC42EP4,CORO1C,LY96,PLD3,SH3BP4,GABARAPL1,ALOX5,FTL,ACKR1,FYN,GCA,PRDX5,ARMC8,GALNS,MYRIP,IL4I1,HEATR5A,GGA1,GAPVD1,MYOF,CHIC2,GDI2,RGL4,SND1,DISC1,AMPD3,GLB1,CRCP,BIN1,GM2A,GNS,RNF149,RUFY4,GPER1,GRB2,RAPGEF1,DBNL,CD274,GSN,ZDHHC1,GYG1,ANXA2,HCK,HEXA,HEXB,ANXA6,HLA-DQA1,HLA-DRB1,HLA-DRB5,AOAH,APBB2,HPS1,RAB37,APP,TICAM2,IL7R,INPP4A,AQP7,IRAK2,ITGAL,ITPR1,ITPR2,JAK1,ATP9B,KCNQ1,ARG1,SLC9A4,LAIR1,LAMP1,LCN2,LGALS3,LGALS3BP,LRP2,ARRB1,ARSB,MAN1A1,MAN2B1,MPO,TARM1,MYO1B,MSR1,NUDT1,MYH9,MYH11,MYO1C,MYO1E,MYO5A,NCF2,SEPTIN2,NFKB1,NGF,NGFR,NOTCH1,NPC1,OLR1,P4HB,PALM,PRKN,PLAC8,PDE4B,ANKFY1,ATP6V1H,CAB39,ATP6V1B2,SERPINA1,SERPINB6,ATP6V1C1,PI4KA,PI4KB,YIPF1,RIN2,HEATR5B,CCDC93,LEPROT,PCSK4,PXK,CMTM6,CLN6,MARCHF1,EPN3,PLEKHB2,VPS37C,APPL2,UQCC1,VPS53,CPPED1,SLC29A3,LAPTM4B,PI4K2A,PPT1,PIP4P2,STAB2,RAB20,SCYL2,TMEM165,PRKCZ,MAPK1,DNAJC3,KLK10,AZU1,PSAP,PSEN2,RETN,PSMB7,VPS35L,CD177,ERGIC1,PTAFR,BIRC6,MIB1,ELAPOR1,SORCS2,WDFY1,PTPN1,WDFY4,DENND1A,ZFYVE28,PTPRJ,PTPRN2,RAB27A,RAB5C,RAP2A,TMEM35A,BCL2L1,TRIM27,ROCK1,CLIP1,S100A9,S100A12,S100P,SCN8A,SLC17A9,SELL,GOLPH3,RBSN,MMP25,WIPF3,TMEM168,ITSN1,ARRDC5,SH3GL1,SLA,SLC2A5,SLC6A9,SLC9A3,SLC34A1,SLPI,CHID1,SNTB2,SORL1,SRC,STK10,STXBP2,BSG,TGFA,TGFB3,TIMP2,TLR4,TRAPPC10,TNFRSF1B,TRAF3,TRPM2,TYRP1,UBE2D3,CLRN1,VCL,EZR,FMNL1,XRCC5,LDLRAD4,YWHAE,YWHAZ,LAPTM5,RAB7A,FYCO1,SH3TC2,MCTP1,ZDHHC11,LPCAT1,RIN3,ATP8B4,KIAA0319L,SYNDIG1,WLS,RUBCNL,RAB11FIP1,RUFY1,PHAF1,CUBN,FER1L4,DNAJC5,DUSP16,DCSTAMP,SNX27,TMEM163,CAMK2D,CAMK2G,SBF2,CAPG,CAPN1,DYSF,PICALM,AXIN1,TRAPPC9,ITCH,MYCBPAP,ANKRD27,HPS3,RAB11FIP4,CRACR2A,ZNRF1,CST7,ABCC11,STON2,SSH2,RNASET2,MARCO,NRP1,CPNE1,AP1M1,HPS4,MVB12B,PKD2L1,SPAG9,PIP4P1,USP10,SYNGR1,RAB11B,MS4A3,CPNE6,TM9SF2,GRAP2,SH3BP5,STX8,SLC4A8,RPH3AL,CYTIP,CD44,ABCG1,SEC24C,CD58,CD59,CD63,TMEM63A,LAPTM4A,PHACTR2,TBC1D5,CDA,RNF144A,MTSS1,PLEKHM1,FCHSD2,RABGAP1L,SEC16A,IQSEC1,MVP,DOP1B,CDH1","Sputum_Neutrophilic"
"CC","specific granule",160,45,4.31003756040657e-09,1.63235489204465e-05,"ADAM10,OLFM4,CHI3L1,CHIT1,OSCAR,CTSZ,CLEC12A,DEFA4,DNASE1L1,DOCK2,ANO6,MCEMP1,ADGRG3,CYFIP1,UBR4,FPR2,ARMC8,RAB37,ITGAL,ARG1,LAIR1,LCN2,TARM1,NFKB1,OLR1,CMTM6,RETN,CD177,PTPRJ,RAB27A,MMP25,SLC2A5,SLPI,STK10,STXBP2,TIMP2,TNFRSF1B,TRPM2,VCL,ATP8B4,DNAJC5,CRACR2A,AP1M1,MS4A3,CD59,TMEM63A","Sputum_Neutrophilic"
"CC","primary lysosome",153,38,2.52535698504481e-07,0.000717327651601977,"PADI2,NFAM1,CTSG,ABCA13,DEFA4,DYNC1H1,FTL,GCA,GALNS,GDI2,GLB1,GM2A,GNS,ANXA2,HEXA,HEXB,RAB37,ARG1,LAMP1,ARSB,MAN2B1,MPO,PLAC8,CMTM6,CPPED1,MAPK1,DNAJC3,AZU1,PSAP,RETN,RAB5C,STXBP2,LPCAT1,DNAJC5,RNASET2,CPNE1,SYNGR1,CD63","Sputum_Neutrophilic"
"CC","azurophil granule",153,38,2.52535698504481e-07,0.000717327651601977,"PADI2,NFAM1,CTSG,ABCA13,DEFA4,DYNC1H1,FTL,GCA,GALNS,GDI2,GLB1,GM2A,GNS,ANXA2,HEXA,HEXB,RAB37,ARG1,LAMP1,ARSB,MAN2B1,MPO,PLAC8,CMTM6,CPPED1,MAPK1,DNAJC3,AZU1,PSAP,RETN,RAB5C,STXBP2,LPCAT1,DNAJC5,RNASET2,CPNE1,SYNGR1,CD63","Sputum_Neutrophilic"
"BP","immune response",1703,234,2.98113365945334e-07,0.000752703125304641,"TRIM10,RASGRP1,OPTN,TNIP1,NOD1,ADARB1,VAV3,TRIM38,CXCR6,TRAF3IP2,LILRB1,LILRB3,RIPK3,HHLA2,CHIT1,VPS26B,LYST,NLRP3,SLAMF6,CLNK,CLU,SPPL3,CCR6,CCR7,IL31RA,CREBBP,NEK7,SIRPA,CSF3,CTLA4,NFAM1,CTSG,CTSS,DAB2IP,DAPK1,ZFPM1,AP1G1,DEFA4,CLEC4C,DOCK2,DUSP3,ELF1,AKT1,ETS1,EXT1,F12,PTK2B,FCER2,MARCHF8,RAB11FIP2,TRIM35,RAP1GAP2,FCHO1,GRAMD4,RFTN1,FPR2,CDC42EP4,FPR3,LY96,ALOX5,FYB1,FYN,SERINC5,GCSAM,IL4I1,GFI1,FOXP1,CRCP,GPER1,TREML4,GRB2,RGCC,DBNL,SETD2,TBK1,CD274,GSN,ZDHHC1,IL19,HCK,HK1,HLA-DQA1,HLA-DRB1,HLA-DRB5,IGF1R,APP,RBPJ,TICAM2,IKBKB,IL2RA,IL5RA,IL7R,IL16,INPP5D,IRAK2,ITGAL,JAK1,ARG1,CCL4L1,LAIR1,LAMP1,LCK,LCN2,LFNG,LGALS1,LGALS3,MIR140,MIR21,SMAD7,MBP,MEF2C,MAP3K1,MAP3K5,MOG,EIF2AK4,TARM1,MYB,MYO1C,NCF2,NEDD4,NFATC2,NFKB1,NOTCH1,P2RX7,PDE4B,PDE4D,PIK3CD,PLA2G4A,PLEC,TRIM34,ACP5,RBM47,SHLD2,LAX1,MARCHF1,APPL2,PSPC1,LGR4,RAB20,PRKCB,PRKCE,PAG1,PRKCH,PRKCZ,PRKDC,MAPK1,CRTAM,CTNNBL1,AZU1,SLAMF8,SPHK2,CD177,PELI1,PTAFR,WDFY1,PTPN1,PTPRJ,NLRC4,RAB27A,RARA,BCL2,TRIM27,RGS1,BCL6,BACH2,RORC,S100A9,S100A12,S100A13,CCL18,SAMSN1,VSIR,SEMA4A,ST6GAL1,SKP2,BMP6,SLPI,CHID1,SRC,BRAF,SRPK1,STAT3,STAT5B,STXBP2,ADAM17,TCF12,TGFB3,TLR4,C1QB,TNFRSF1B,TRAF2,TRAF3,CCR2,UBA7,VAV2,EZR,NSD2,XRCC5,YWHAZ,TRIM26,LAPTM5,LILRA6,NLRX1,ZDHHC11,ATAT1,CCDC92,SLC7A5,AKAP1,TRIM7,DYSF,ITCH,ZDHHC18,RNF135,CRACR2A,GPR65,ZNRF1,CST7,RNASET2,OASL,MARCO,TNFSF12,TNFSF10,TNFRSF11A,BCL10,KLHL6,TRIM15,PSTPIP1,CD6,MAPKAPK2,CD86,AIM2,LY86,STX8,CD38,CD58,CD59,PHF14,HDAC4,TESPA1,TNFSF15","Sputum_Neutrophilic"
"BP","immune system process",2488,342,3.45214190497822e-07,0.000784464726487251,"TRIM10,RASGRP1,OPTN,ADAM10,CDK6,TNIP1,IKZF1,NOD1,NDRG1,ADARB1,VAV3,GPNMB,MERTK,TRIM38,CXCR6,TRAF3IP2,LILRB1,LILRB3,RIPK3,HHLA2,CHIT1,PADI2,VPS26B,LYST,NLRP3,SLAMF6,CLNK,CLU,JAML,SPPL3,CCR6,CCR7,KLF6,IL31RA,PPARGC1B,CREB1,CREBBP,NEK7,SIRPA,CSF3,CSF3R,CTLA4,NFAM1,CTSG,CTSS,DAB2IP,CYP19A1,DAPK1,ZFPM1,AP1G1,DEFA4,IDO2,CLEC4C,DLG1,DOCK2,DUSP3,ANO6,ELF1,EPHB3,AKT1,ETS1,EXT1,F12,PTK2B,FCER2,MARCHF8,ADGRG3,FECH,RAB11FIP2,ACIN1,TRIM35,RAP1GAP2,LRCH1,FCHO1,GRAMD4,RFTN1,RCOR1,FLT1,FLT3,PLCB1,KIF13B,SCRIB,KAT6B,FPR2,CDC42EP4,FPR3,LY96,PLD3,BRD1,ALOX5,FYB1,FYN,SERINC5,GCSAM,HECTD1,IL4I1,ZBTB20,GFI1,GGT1,FOXP1,CRCP,STK39,CCDC88B,VSTM1,GPER1,TREML4,GRB2,RGCC,DBNL,SETD2,TBK1,CD274,GSN,ZDHHC1,IL19,HCK,HELLS,HK1,HLA-DQA1,HLA-DRB1,HLA-DRB5,HOXB6,CD300E,IGF1R,APP,RBPJ,TICAM2,IKBKB,IL2RA,IL5RA,IL7R,IL16,TNFRSF9,INHBA,INPP5D,IRAK2,IRF2,ITGA9,ITGAL,ITPKB,JAK1,JARID2,KCNQ1,ARG1,CCL4L1,LAIR1,LAMP1,LCK,LCN2,LEPR,LFNG,LGALS1,LGALS3,RHOH,MYO18A,LYL1,MIR140,MIR145,MIR185,MIR21,SMAD7,MBP,MEF2C,MAP3K1,MAP3K5,MITF,MOG,MPO,EIF2AK4,TARM1,MYB,MYH9,MYO1C,NCF2,NEDD4,NEDD9,NFATC2,NFKB1,NOTCH1,OLR1,P2RX7,PDE4B,PDE4D,TMEM14C,PIK3CD,PLA2G4A,PLEC,TRIM34,ACP5,RBM47,SHLD2,LAX1,MARCHF1,PPP2R1A,PBRM1,APPL2,PSPC1,FBXW7,PPP3CA,LGR4,SIRPG,CHD7,RAB20,PRKCB,PRKCE,PAG1,PRKCH,PRKCZ,PRKDC,MAPK1,CRTAM,CTNNBL1,LRRC8A,AZU1,SLAMF8,SPHK2,CAMK1D,CD177,PELI1,ZMIZ1,PTAFR,ARID1B,RPTOR,PREX1,WDFY1,ZBTB2,PTPN1,WDFY4,PTPRJ,PTPRO,NLRC4,RAB27A,RARA,BCL2,TRIM27,RGS1,BCL6,BACH2,ROCK1,RORC,S100A9,S100A12,S100A13,CCL18,BID,SELL,GOLPH3,SAMSN1,VSIR,SEMA4A,CRTC3,ST6GAL1,MARCHF7,SKP2,BMP6,SLPI,SMARCA2,SMARCC1,CHID1,SMARCD1,SRC,BRAF,SRPK1,STAT3,STAT5B,STK10,STXBP2,BSG,ADAM17,TCF3,TCF12,TGFB3,TLR4,C1QB,TNFRSF1B,TRAF2,TRAF3,TRPM2,CCR2,UBA7,VAV2,EZR,NSD2,XRCC5,YWHAZ,ZNF3,ZBTB17,TRIM26,CACNA1C,LAPTM5,LILRA6,NLRX1,ZDHHC11,RIN3,KAT6A,ATAT1,CCDC92,PDGFD,SLC7A5,DCSTAMP,SNX27,AKAP1,DOCK8,TRIM7,DYSF,RASSF5,ITCH,MAD1L1,ZDHHC18,RNF135,NCK2,L3MBTL3,CRACR2A,GPR65,ADTRP,ZNRF1,UBASH3B,CST7,LMO4,RUNX2,RUNX1,RNASET2,OASL,RUNX3,MARCO,TNFSF12,TNFSF10,TNFRSF11A,CFLAR,BCL10,SKAP2,KLHL6,TRIM15,PSTPIP1,CD6,MAPKAPK2,SFXN1,CD86,AIM2,LY86,CHST3,STX8,CD38,CD44,CD58,CD59,PHF14,HDAC4,TOX,TESPA1,TNFSF15","Sputum_Neutrophilic"
"CC","secretory granule",887,138,5.42139111479442e-07,0.00111996083356899,"ADAM10,BAIAP2,OLFM4,IQGAP2,TMED10,LILRB3,RAB31,ABHD2,CHI3L1,CHIT1,PADI2,CLU,OSCAR,CPE,SIRPA,TMEM190,NFAM1,CTSB,CTSG,CTSS,CTSZ,ABCA13,VPS13B,CLEC12A,DEFA4,CLEC4C,DNASE1L1,DYNC1H1,DOCK2,ANO6,MCEMP1,ADGRG3,CEP131,CYFIP1,UBR4,COTL1,FPR2,ALOX5,FTL,GCA,ARMC8,GALNS,MYRIP,IL4I1,GDI2,AMPD3,GLB1,CRCP,GM2A,GNS,DBNL,GSN,GYG1,ANXA2,HEXA,HEXB,RAB37,APP,TICAM2,ITGAL,ITPR1,ITPR2,ARG1,LAIR1,LAMP1,LCN2,LGALS3,LGALS3BP,ARSB,MAN2B1,MPO,TARM1,NUDT1,MYH9,MYO5A,NCF2,NFKB1,NOTCH1,OLR1,PLAC8,CAB39,SERPINA1,SERPINB6,PCSK4,CMTM6,CPPED1,MAPK1,DNAJC3,KLK10,AZU1,PSAP,RETN,PSMB7,VPS35L,CD177,PTAFR,PTPRJ,PTPRN2,RAB27A,RAB5C,ROCK1,S100A9,S100A12,S100P,SLC17A9,SELL,MMP25,SLC2A5,SLC6A9,SLPI,STK10,STXBP2,BSG,TGFB3,TIMP2,TNFRSF1B,TRPM2,VCL,XRCC5,RAB7A,LPCAT1,ATP8B4,DNAJC5,CAPN1,CRACR2A,SSH2,RNASET2,CPNE1,AP1M1,HPS4,SPAG9,SYNGR1,MS4A3,CD44,CD58,CD59,CD63,TMEM63A,PHACTR2,CDA,MVP","Sputum_Neutrophilic"
"CC","secretory vesicle",1061,166,3.1517710852816e-06,0.00571002357329697,"ADAM10,BAIAP2,OLFM4,IQGAP2,TMED10,LILRB3,RAB31,ABHD2,CHI3L1,CHIT1,PADI2,BORCS5,CLU,OSCAR,CPE,SIRPA,VTI1A,TMEM190,NFAM1,CTSB,CTSG,CTSS,CTSZ,ABCA13,VPS13B,CLEC12A,DEFA4,CLEC4C,DNASE1L1,DYNC1H1,DOCK2,ANO6,MCEMP1,RAB12,ADGRG3,CEP131,KIF1B,CYFIP1,UBR4,COTL1,FPR2,ALOX5,FTL,GCA,ARMC8,GALNS,MYRIP,IL4I1,MYOF,GDI2,DISC1,AMPD3,GLB1,CRCP,BIN1,GM2A,GNS,DBNL,GSN,GYG1,ANXA2,HEXA,HEXB,RAB37,APP,TICAM2,ITGAL,ITPR1,ITPR2,ARG1,LAIR1,LAMP1,LCN2,LGALS3,LGALS3BP,ARSB,MAN2B1,MPO,TARM1,NUDT1,MYH9,MYO5A,NCF2,SEPTIN2,NFKB1,NGF,NOTCH1,OLR1,PLAC8,PDE4B,ATP6V1H,CAB39,ATP6V1B2,SERPINA1,SERPINB6,ATP6V1C1,PCSK4,CMTM6,CPPED1,PPT1,MAPK1,DNAJC3,KLK10,AZU1,PSAP,PSEN2,RETN,PSMB7,VPS35L,CD177,PTAFR,PTPRJ,PTPRN2,RAB27A,RAB5C,BCL2L1,ROCK1,S100A9,S100A12,S100P,SLC17A9,SELL,MMP25,SLC2A5,SLC6A9,SLPI,STK10,STXBP2,BSG,TGFB3,TIMP2,TNFRSF1B,TRPM2,VCL,XRCC5,RAB7A,MCTP1,LPCAT1,ATP8B4,SYNDIG1,PHAF1,FER1L4,DNAJC5,TMEM163,CAPN1,DYSF,PICALM,CRACR2A,ZNRF1,STON2,SSH2,RNASET2,CPNE1,AP1M1,HPS4,SPAG9,SYNGR1,RAB11B,MS4A3,SLC4A8,CD44,CD58,CD59,CD63,TMEM63A,PHACTR2,CDA,IQSEC1,MVP","Sputum_Neutrophilic"
"BP","leukocyte activation",946,155,3.30036361864271e-06,0.00571002357329697,"RASGRP1,ADAM10,CDK6,IKZF1,NDRG1,VAV3,GPNMB,MERTK,TRAF3IP2,LILRB1,RIPK3,HHLA2,NLRP3,SLAMF6,CLNK,CLU,JAML,CCR6,CCR7,KLF6,IL31RA,SIRPA,CTLA4,NFAM1,CTSG,ZFPM1,AP1G1,DLG1,DOCK2,DUSP3,AKT1,PTK2B,FCER2,ADGRG3,FCHO1,FLT3,KIF13B,SCRIB,FYN,HECTD1,IL4I1,FOXP1,STK39,CCDC88B,GPER1,CD274,GSN,HELLS,HLA-DQA1,HLA-DRB1,HLA-DRB5,APP,RBPJ,TICAM2,IL2RA,IL7R,TNFRSF9,INHBA,INPP5D,ITGAL,ITPKB,JAK1,ARG1,LAMP1,LCK,LEPR,LFNG,LGALS1,LGALS3,RHOH,MYO18A,LYL1,MIR145,MIR185,MIR21,SMAD7,MEF2C,EIF2AK4,TARM1,MYB,MYH9,NEDD9,NFATC2,P2RX7,PIK3CD,PLA2G4A,SHLD2,LAX1,PBRM1,PPP3CA,SIRPG,CHD7,PRKCB,PRKCE,PAG1,PRKCZ,PRKDC,CRTAM,LRRC8A,AZU1,SLAMF8,SPHK2,CD177,PELI1,ZMIZ1,PTAFR,ARID1B,PREX1,WDFY4,PTPRJ,RAB27A,RARA,BCL2,BCL6,RORC,S100A12,S100A13,BID,SAMSN1,VSIR,SEMA4A,CRTC3,MARCHF7,SMARCA2,SMARCC1,SMARCD1,SRC,BRAF,STAT3,STAT5B,STXBP2,ADAM17,TCF3,TLR4,TNFRSF1B,CCR2,NSD2,ZNF3,LAPTM5,DCSTAMP,SNX27,DOCK8,DYSF,RASSF5,ITCH,MAD1L1,NCK2,CST7,RUNX2,RUNX1,RUNX3,BCL10,SKAP2,CD6,CD86,CD38,CD44,PHF14,HDAC4,TOX,TESPA1","Sputum_Neutrophilic"
"CC","secretory granule lumen",320,59,3.51788109602876e-06,0.00571002357329697,"OLFM4,CHI3L1,CHIT1,PADI2,CLU,OSCAR,CTSG,CTSZ,DEFA4,DNASE1L1,DYNC1H1,DOCK2,CYFIP1,COTL1,ALOX5,FTL,GCA,ARMC8,GALNS,GDI2,AMPD3,GLB1,GM2A,GNS,DBNL,GSN,GYG1,ANXA2,HEXB,APP,ARG1,LCN2,LGALS3BP,ARSB,MAN2B1,MPO,NFKB1,PLAC8,CAB39,SERPINA1,CPPED1,MAPK1,DNAJC3,AZU1,RETN,PSMB7,RAB27A,ROCK1,S100A9,S100A12,S100P,SLPI,TGFB3,TIMP2,VCL,XRCC5,CRACR2A,RNASET2,CDA,MVP","Sputum_Neutrophilic"
"CC","cytoplasmic vesicle lumen",323,59,4.92421721822729e-06,0.00745986080446647,"OLFM4,CHI3L1,CHIT1,PADI2,CLU,OSCAR,CTSG,CTSZ,DEFA4,DNASE1L1,DYNC1H1,DOCK2,CYFIP1,COTL1,ALOX5,FTL,GCA,ARMC8,GALNS,GDI2,AMPD3,GLB1,GM2A,GNS,DBNL,GSN,GYG1,ANXA2,HEXB,APP,ARG1,LCN2,LGALS3BP,ARSB,MAN2B1,MPO,NFKB1,PLAC8,CAB39,SERPINA1,CPPED1,MAPK1,DNAJC3,AZU1,RETN,PSMB7,RAB27A,ROCK1,S100A9,S100A12,S100P,SLPI,TGFB3,TIMP2,VCL,XRCC5,CRACR2A,RNASET2,CDA,MVP","Sputum_Neutrophilic"
"CC","bounding membrane of organelle",2160,332,5.42553757617718e-06,0.00770561974256564,"PDCD6,ABCC5,ABCB6,UST,RASGRP1,OPTN,ADAM10,NUTF2,IRAG1,NDRG1,GPNMB,SLC25A17,ARFGEF1,IQGAP2,ADCY3,TMED10,LILRB3,RAB31,ADAM30,PLAAT3,GALNT6,CHRM2,MGAT4A,NLRP3,GALNT15,BORCS5,CLCN6,CLCN7,SPPL3,TTC8,DRAM2,SLC31A2,CPE,SIRPA,VTI1A,CSF3R,CSNK1D,TMEM190,CREB3L4,NFAM1,CTSZ,SLC38A9,ABCA13,VPS13B,CLEC12A,AP1G1,SGMS2,FUT11,CLEC4C,ANO6,MCEMP1,SPRED2,RAB12,ENO1,EPS15,SLC36A1,EXT1,ACSL1,ACSL3,TPCN2,MARCHF8,DAGLB,ADGRG3,ZNRF2,RAB11FIP2,CHSY1,INPP5F,EPN2,SHANK2,WDFY3,ERC1,TAB2,FLT3,RHOBTB2,DENND5A,IQCE,SZT2,VPS39,SYNE1,UBR4,ABCA6,TSPAN15,FPR2,CORO1C,LY96,PLD3,GABARAPL1,GALNT2,GALNT3,SGMS1,DHRS7B,GORASP2,GGA1,MYOF,GCNT2,ATP2C1,ARFIP1,BIN1,GNAI3,GNAQ,GNB1,GPER1,SLC36A3,DBNL,CD274,ZDHHC1,ANXA2,ANXA6,HK1,HK2,HLA-DQA1,HLA-DRB1,HLA-DRB5,HMGCR,RAB37,TICAM2,IL7R,INPP4A,IRAK2,ITGAL,ITPR1,ITPR2,LAIR1,LAMP1,LFNG,LGALS3,MYO18A,LRP2,ARRB1,MAN1A1,MGAT5,MITF,TARM1,GALNTL6,MYO1B,ASPH,MSR1,SEPTIN2,NOTCH1,NOTCH4,NPC1,ATP2A2,OLR1,CHST11,GALNT9,PRKN,ASAP1,ACOX1,ZDHHC3,CHST15,SCARA3,ANKFY1,TMEM138,ATP6V1H,GALNT7,PEX7,ATP6V1B2,SERPINA1,SERPINB6,ATP6V1C1,PI4KA,PI4KB,PLA2G4A,TM6SF1,PLEC,YIPF1,LEPROT,PCSK4,PXK,CMTM6,LPCAT2,MARCHF1,EPN3,PLEKHB2,VPS37C,APPL2,VPS53,SLC29A3,AGPAT5,DRAM1,LAPTM4B,PI4K2A,PIP4P2,GALNT10,STAB2,ZDHHC7,RAB20,SCYL2,CSGALNACT1,TMEM165,LRRC8A,AZU1,PSAP,PSEN2,SPHK2,AGPAT3,AGPAT4,VPS35L,CD177,MAN1C1,ERGIC1,PTAFR,RHBDD2,RPTOR,ELAPOR1,SORCS2,RIC1,FNIP2,DENND1A,MEAK7,ZFYVE28,PTPRJ,PTPRN2,PEX5,RAB27A,RAB5C,RAP2A,TMEM35A,BCL2,BCL2L1,RHEB,ROCK1,RYR1,BID,SLC17A9,SELL,GOLPH3,XYLT1,RBSN,MMP25,SH3GL1,MTARC1,ST6GAL1,ST3GAL3,SLC2A5,SLC6A9,SLC9A3,SLN,SNTB2,SORL1,STK10,BSG,ADAM17,TAFAZZIN,TGFA,TLR4,TNFRSF1B,TRPM2,TYRP1,UBE2D3,LDLRAD4,LAPTM5,RAB7A,AHNAK,PRRG4,GALNT14,NLRX1,GALNT12,MCTP1,CLMN,ZDHHC11,LPCAT1,ATP8B4,KIAA0319L,SYNDIG1,WLS,RUBCNL,RAB11FIP1,RUFY1,PHAF1,CUBN,FER1L4,PDGFD,DNAJC5,SLC7A5,DCSTAMP,SNX27,TMEM163,AKAP1,VMP1,CAMK2D,CAMK2G,SBF2,DYSF,ITCH,B3GNT5,MYCBPAP,ZDHHC18,STK24,RAB11FIP4,TPST2,CRACR2A,SLC49A4,ZNRF1,ABCC11,STON2,PLPP3,TNKS,MARCO,B3GALT1,PROM1,CPNE1,AP1M1,HPS4,NAV3,MVB12B,TM4SF5,PKD2L1,SPAG9,PIP4P1,SYNGR1,LARGE1,RAB11B,PXYLP1,DHRS3,MS4A3,B4GALT5,TM9SF2,CHST3,SLC4A8,RPH3AL,CD44,ABCG1,SEC24C,CD58,CD59,CD63,DEPDC5,NOS1AP,TMEM63A,LAPTM4A,PHACTR2,TBC1D5,RNF144A,PLEKHM1,SEC16A,HS3ST3B1,DOP1B","Sputum_Neutrophilic"
"CC","vesicle lumen",324,59,6.35829966661112e-06,0.00813576045564749,"OLFM4,CHI3L1,CHIT1,PADI2,CLU,OSCAR,CTSG,CTSZ,DEFA4,DNASE1L1,DYNC1H1,DOCK2,CYFIP1,COTL1,ALOX5,FTL,GCA,ARMC8,GALNS,GDI2,AMPD3,GLB1,GM2A,GNS,DBNL,GSN,GYG1,ANXA2,HEXB,APP,ARG1,LCN2,LGALS3BP,ARSB,MAN2B1,MPO,NFKB1,PLAC8,CAB39,SERPINA1,CPPED1,MAPK1,DNAJC3,AZU1,RETN,PSMB7,RAB27A,ROCK1,S100A9,S100A12,S100P,SLPI,TGFB3,TIMP2,VCL,XRCC5,CRACR2A,RNASET2,CDA,MVP","Sputum_Neutrophilic"
"CC","endosome",1043,181,6.59581475916572e-06,0.00813576045564749,"PDCD6,ABCC5,ABCB6,OPTN,TNK2,NDRG1,GPNMB,STAMBP,AP3M2,RAB31,ADAM30,VPS26B,AP3S1,CLCN6,TPP1,SLC31A2,VTI1A,PHETA1,TOM1L2,CTSB,CTSS,SLC38A9,VPS13B,AP1G1,RAB12,EPS15,TPCN2,MARCHF8,ZNRF2,RAB11FIP2,LMTK2,INPP5F,EPN2,TRAK1,TNIK,AVL9,TBC1D2B,TAB2,RFTN1,FLT1,FLT3,RHOBTB2,MGRN1,NEDD4L,VPS39,TSPAN15,CORO1C,LY96,PLD3,ACKR1,FYN,GGA1,GAPVD1,BIN1,RNF149,GPER1,GRB2,RAPGEF1,DBNL,CD274,ZDHHC1,ANXA2,ANXA6,HLA-DQA1,HLA-DRB1,HLA-DRB5,APBB2,RAB37,APP,TICAM2,INPP4A,IRAK2,JAK1,ATP9B,KCNQ1,LAMP1,LRP2,MYO1B,MYO5A,NGF,NGFR,NPC1,ANKFY1,ATP6V1H,PI4KB,YIPF1,CCDC93,LEPROT,PXK,CMTM6,CLN6,MARCHF1,EPN3,PLEKHB2,VPS37C,APPL2,VPS53,SLC29A3,LAPTM4B,PI4K2A,PIP4P2,SCYL2,TMEM165,PRKCZ,MAPK1,PSAP,PSEN2,VPS35L,BIRC6,ELAPOR1,SORCS2,WDFY1,PTPN1,WDFY4,ZFYVE28,RAB27A,RAB5C,RAP2A,TRIM27,CLIP1,GOLPH3,RBSN,WIPF3,ITSN1,ARRDC5,SH3GL1,SLA,SLC6A9,SLC9A3,SLC34A1,CHID1,SORL1,SRC,BSG,TLR4,TRAPPC10,TRAF3,TYRP1,UBE2D3,EZR,LDLRAD4,RAB7A,FYCO1,MCTP1,ZDHHC11,RIN3,SYNDIG1,WLS,RAB11FIP1,RUFY1,CUBN,DCSTAMP,SNX27,TMEM163,SBF2,DYSF,PICALM,TRAPPC9,ITCH,MYCBPAP,ANKRD27,HPS3,RAB11FIP4,ZNRF1,CST7,NRP1,AP1M1,MVB12B,PIP4P1,USP10,RAB11B,CPNE6,TM9SF2,GRAP2,STX8,CYTIP,ABCG1,CD63,LAPTM4A,TBC1D5,RNF144A,PLEKHM1,FCHSD2,RABGAP1L,DOP1B,CDH1","Sputum_Neutrophilic"
"CC","vacuolar membrane",478,92,6.80247529736412e-06,0.00813576045564749,"ABCB6,PLAAT3,BORCS5,CLCN6,CLCN7,DRAM2,SLC31A2,CSF3R,NFAM1,SLC38A9,ABCA13,VPS13B,AP1G1,RAB12,SLC36A1,TPCN2,MARCHF8,DAGLB,ZNRF2,WDFY3,TAB2,SZT2,VPS39,PLD3,GABARAPL1,GNAI3,GNAQ,GNB1,SLC36A3,ANXA2,ANXA6,HLA-DQA1,HLA-DRB1,HLA-DRB5,RAB37,LAMP1,LRP2,ARRB1,MITF,NPC1,ANKFY1,TMEM138,ATP6V1H,ATP6V1B2,ATP6V1C1,TM6SF1,CMTM6,MARCHF1,SLC29A3,DRAM1,LAPTM4B,PI4K2A,PIP4P2,TMEM165,LRRC8A,AZU1,PSAP,PSEN2,SPHK2,RPTOR,ELAPOR1,FNIP2,MEAK7,RAB5C,RHEB,SLC17A9,TRPM2,LAPTM5,RAB7A,AHNAK,LPCAT1,RUBCNL,CUBN,DNAJC5,SLC7A5,TMEM163,VMP1,SBF2,SLC49A4,ABCC11,CPNE1,AP1M1,HPS4,TM4SF5,SPAG9,PIP4P1,SYNGR1,CD63,DEPDC5,TMEM63A,LAPTM4A,PLEKHM1","Sputum_Neutrophilic"
"CC","specific granule membrane",91,26,8.98217673343701e-06,0.0102055492045311,"ADAM10,CLEC12A,ANO6,MCEMP1,ADGRG3,UBR4,FPR2,RAB37,ITGAL,LAIR1,TARM1,OLR1,CMTM6,CD177,PTPRJ,MMP25,SLC2A5,STK10,TNFRSF1B,TRPM2,ATP8B4,DNAJC5,AP1M1,MS4A3,CD59,TMEM63A","Sputum_Neutrophilic"
"CC","cytosol",5435,747,1.00455719243519e-05,0.0106015854813128,"PDCD6,SH2D3C,FARSB,ABCB6,SGK2,HIPK3,RASGRP1,OPTN,YAF2,AKAP9,FARP1,SERF2,SORBS3,TNK2,NUTF2,CDK6,DCAF7,STAG1,TNIP1,IKZF1,NOD1,ANAPC10,DLC1,NDRG1,ADARB1,TUBGCP3,VAV3,BAIAP2,TACC3,TRIM38,SLC25A17,LRRC41,DCTN2,OLFM4,ARFGEF1,CDC42EP3,STAMBP,IVNS1ABP,CAMKK2,PMVK,CES1,GNA13,KDM5B,NEK6,IQGAP2,RAB31,ADAP1,RIPK3,WWP2,PLAAT3,NUDT3,MAP4K5,CHKA,AKAP13,CHN2,PADI2,KLHL2,VPS26B,LYST,ACOT7,NLRP3,FMNL2,OSBPL5,OSBPL10,FBXO32,ADCY9,IL22RA2,ARAP1,PLAAT5,IP6K3,ADD1,CLU,CLNS1A,FGD4,TTC8,TMEM266,DNAAF1,MSI2,EDARADD,TANGO2,KLF6,ADK,PPARGC1B,COX10,CREBBP,ASB7,VTI1A,PHETA1,CSNK1D,CSNK1E,TTC7B,TTBK2,CTBP2,CTSG,METTL21A,UPP2,CUX1,SH3D19,DAB2IP,RNF217,GRK2,GRK3,PRAG1,PRUNE2,DAB1,DGKG,AP1G1,UBXN2A,DCP2,DDX53,IDO2,SYNPO2,DGUOK,DHODH,DLG1,DLG2,DYNC1H1,DOCK1,DOCK2,ARID3A,DUSP3,AHCY,AGO4,EHHADH,ANO6,UBR1,MLKL,EIF4G1,SPRED2,ARHGAP27,FBXO15,RAB12,ENO1,EPB41,HIPK1,EPHB3,EPS15,AKT1,ERG,ETV6,MECOM,EYA2,PTK2B,TPCN2,ZNF438,SPATA13,PHACTR1,JAZF1,ALDH9A1,ZNRF2,FHIT,ATF5,RASA3,HSPA4L,AAK1,LMTK2,TRAPPC8,ZHX2,FKBP5,CEP164,DENND3,RUFY3,EPN2,TRAK1,SHANK2,ACIN1,CEP131,WDFY3,DAAM1,STK38L,TMCC1,TNIK,FNBP1,CAND2,HECW1,ERC1,ARHGAP26,TTLL5,TBC1D2B,RAP1GAP2,TNRC6B,TAB2,EPB41L3,FCHO1,EFR3A,PASK,RGL1,LARP4B,CYFIP1,PLCB1,ANKRD28,ANKRD12,DENND5A,CAMTA1,MCF2L,EXOC7,AGTPBP1,SMG6,MGRN1,TUT4,NEDD4L,CLASP1,DOCK9,UBR4,LARP1,COTL1,FNTB,TSPAN15,PIGN,DDAH1,CDC42EP4,AMACR,RABGAP1,PRKD3,GABARAPL1,ALOX5,FTL,FYB1,FYN,RNF169,SERINC5,GCA,ATXN10,PRDX5,ARMC8,RNF19A,WWTR1,HEATR5A,C2CD2,SPATS2L,UPF2,ACOT11,PLEKHG3,OSBPL3,SETBP1,GGA1,GAPVD1,PITPNC1,AK5,SERGEF,GBE1,LATS2,GDI2,AMFR,GFPT1,CYFIP2,SND1,AGO2,DISC1,AMPD3,ARFIP1,SESN1,CRCP,STK39,BIN1,EML4,GM2A,GNB1,GPD1,CCDC88B,NUDT7,CAVIN1,GPER1,GPX4,ANK3,GRB2,GRB10,RAPGEF1,RGCC,DBNL,NR3C1,ARHGAP35,TBK1,ANKRD11,GSN,GSTM1,GTF2E2,GYG1,NME7,ANXA2,HCK,HEXA,HIVEP1,HK1,HK2,ACACA,HMGCL,HNMT,HPS1,IARS1,S100A7A,IDH2,IDI1,APP,RILPL1,IKBKB,IL7R,IL16,INPP1,INPP4A,INPP5D,IRAK2,IRF2,ITPKB,JAK1,KIF5C,ARG1,KPNA1,KRT17,GLTPD2,LAMP1,LCK,LGALS1,LGALS3,LIMS1,LMNA,LPP,ARRB1,MXD1,SMAD2,SMAD4,SMAD7,MAN1A1,MARK3,MARS1,MBNL1,MBP,MCC,MEF2C,MAP3K1,MAP3K5,MKLN1,MLLT1,MPG,EIF2AK4,BCL2L15,MTAP,NUDT1,MTRR,MYB,MYH9,MYH10,MYH11,MYO1C,MYO5A,MYO9B,PPP1R12B,NCF2,NEDD4,NEDD9,NFATC1,NFATC2,NFKB1,NFX1,NGF,NGFR,NQO2,NOTCH1,NOTCH4,NRF1,NUMA1,P4HB,PEBP1,MINK1,ITSN2,ANO7,ARHGEF3,PRKN,ASAP1,PCCA,ACOX1,CRYL1,KLHL5,TRNT1,ASB3,PCNT,IPO11,PIPOX,PCYT1A,PDE3B,PDE4B,PRKAG2,PDE4D,ANKFY1,RTCB,CXXC5,SCLY,NT5DC3,NBAS,ATP6V1H,SUFU,CAB39,WWOX,INPP5K,MAP3K20,PEX7,PFKFB3,CDK14,ATP6V1B2,SERPINB6,ATP6V1C1,PIK3CD,PI4KA,PI4KB,PLA2G4A,PLAG1,PLCB4,BCL11A,BTBD1,PLEC,TRIM34,ACP5,PCBP3,SETD4,POLR2C,RIN2,MOV10L1,POR,RNF216,HEATR5B,EXOC6,EGLN1,NDE1,ALKBH5,MTMR10,PXK,LAX1,TASOR2,UBE2R2,PPM1A,ARHGEF10L,SHQ1,PPP2R1A,NADSYN1,PLEKHG6,P3H2,LRRC1,PPP2R5C,VPS53,FBXW7,PPP3CA,CPPED1,PI4K2A,PPT1,PREP,STAB2,BTBD2,PPP4R3A,INTS9,RCOR3,EXOC2,RIOK2,PRKCB,DCP1A,TRERF1,PRKCE,PRKCH,ARHGAP15,WSB2,ZNF395,PRKCZ,ACSS2,PRKDC,MAPK1,MAPK6,SMG9,DNAJC3,CTNNBL1,TRIM39,SPHK2,MCCC1,NCLN,PSMB7,PRTFDC1,BACH1,LYRM4,SMURF1,PELI1,ZMIZ1,RALGAPA2,ATP8B2,PTEN,BIRC6,NLN,ARID1B,RPTOR,MIB1,SORCS2,PREX1,RIC1,WDFY1,FNIP2,USP36,PITPNM2,PTPN1,DENND1A,MEAK7,SFMBT2,ZFYVE28,PTPN7,LSM2,PEX5,NLRC4,ARHGAP22,EPS15L1,RAB27A,RAD21,RALGDS,RAP2A,RAPSN,RARA,RBMS1,BCL2,UPF1,BCL2L1,TRIM27,RGS1,RGS3,RGS12,RHEB,AFAP1,EXOC4,BACH2,ROCK1,RPS6KA2,CLIP1,S100A1,S100A9,S100A12,S100A13,SAG,ATXN1,BID,UBE2O,SH2D4A,RBKS,GOLPH3,SAMSN1,BLM,RBSN,ARHGEF28,BLVRA,WIPF3,SGK1,ITSN1,SH3GL1,SMYD3,TNS3,SIAH1,CRTC3,MARCHF7,TUT1,NIBAN2,SKP2,SLA,SLC34A1,AACS,UAP1,SPTBN1,SRC,AKR1D1,BRAF,SRPK1,STAT3,STAT5B,STK3,STK10,STXBP2,SULT1A1,SULT2B1,SVIL,ADAM17,TBXAS1,TFDP1,TRAPPC10,TP53BP2,TRAF1,TRAF2,TRAF3,TRIO,CCR2,PLIN4,CASTOR2,TXNRD1,TYMS,UBA7,UBE2D3,UBE2H,UCK2,UPP1,VAV2,VCL,EZR,WARS1,WT1,XPC,FMNL1,XRCC5,YWHAE,YWHAG,YWHAZ,TRIM26,LAPTM5,CSDE1,RAB7A,KCNAB1,AHNAK,FTO,HMBOX1,ARHGAP10,NLRX1,LRRK1,NARS2,TTLL7,CAMKMT,PEAK1,PLBD1,RIN3,KAT6A,DENND2D,ATAT1,WLS,NAA25,RAB11FIP1,RUFY1,CUBN,CCDC6,DNAJC5,AKNA,CMIP,DUSP16,SLC7A5,SNX27,AKAP1,CAMK2D,DOCK8,CAMK2G,SBF2,CAPN1,PICALM,CAST,AXIN1,CARS1,TCF7L1,TRAPPC9,ATG10,ITCH,MAD1L1,FHIP1B,ANKRD27,CEP78,PPP1R1B,FLYWCH1,STK24,RNF135,HPS3,NCK2,DCTN5,CUL3,CUL1,KLF11,TNRC18,PSRC1,CNDP1,RIOX2,AOPEP,ZNRF1,PPFIA1,STON2,RUNX2,KLF7,OASL,RUNX3,TNKS,ALDH4A1,EIF3A,EIF4G3,PEA15,CRADD,PABPC4,TNFRSF11A,NRP1,SYNGAP1,SOCS2,CFLAR,KSR1,ASAP2,SYNJ2,ARHGEF7,NAE1,CCNA1,CPNE1,AP1M1,CCNB1,BCL10,HERC2,SKAP2,USP13,HPS4,LMLN,MVB12B,LIMD1,PHLDB2,PKD2L1,SPAG9,DOK2,PSTPIP1,PAPSS2,STARD13,USP10,MTMR7,UBXN11,ATPAF2,CABLES1,LRRFIP1,RAB11B,SPECC1,MOB1B,PDLIM7,MAPKAPK2,ITGB1BP1,TRIP12,TRIP4,ARHGAP18,GRAP2,TJP2,GSTO1,AIM2,EIF2AK3,RASAL2,AKAP7,STX8,BABAM2,CYTIP,CD44,NUP155,SEC24C,CLCA2,ARHGEF10,PPM1F,IQCB1,LPIN2,DEPDC5,NOS1AP,USP34,HDAC4,TBC1D5,CDA,SERTAD2,CTIF,ARHGEF17,ZEB2,TESPA1,ELMO1,FARP2,TBC1D4,SRGAP3,SEC16A,RNF10,JOSD1,HELZ,MVP,CCS,DOP1B","Sputum_Neutrophilic"
"BP","lymphocyte activation",781,132,1.02638127349446e-05,0.0106015854813128,"RASGRP1,CDK6,IKZF1,VAV3,GPNMB,MERTK,TRAF3IP2,LILRB1,RIPK3,HHLA2,NLRP3,SLAMF6,CLNK,JAML,CCR6,CCR7,KLF6,SIRPA,CTLA4,NFAM1,CTSG,ZFPM1,AP1G1,DLG1,DOCK2,DUSP3,AKT1,PTK2B,ADGRG3,FCHO1,FLT3,KIF13B,SCRIB,FYN,HECTD1,IL4I1,FOXP1,CCDC88B,CD274,GSN,HELLS,HLA-DQA1,HLA-DRB1,HLA-DRB5,RBPJ,TICAM2,IL2RA,IL7R,TNFRSF9,INHBA,INPP5D,ITGAL,ITPKB,JAK1,ARG1,LAMP1,LCK,LEPR,LFNG,LGALS1,LGALS3,RHOH,LYL1,MIR185,MIR21,SMAD7,MEF2C,EIF2AK4,TARM1,MYB,MYH9,NEDD9,NFATC2,P2RX7,PIK3CD,SHLD2,LAX1,PBRM1,PPP3CA,SIRPG,CHD7,PRKCB,PAG1,PRKCZ,PRKDC,CRTAM,LRRC8A,SLAMF8,PELI1,ZMIZ1,ARID1B,PREX1,WDFY4,PTPRJ,RAB27A,RARA,BCL2,BCL6,RORC,BID,SAMSN1,VSIR,SEMA4A,MARCHF7,SMARCA2,SMARCC1,SMARCD1,SRC,BRAF,STAT3,STAT5B,ADAM17,TCF3,TLR4,TNFRSF1B,CCR2,NSD2,LAPTM5,SNX27,DOCK8,RASSF5,ITCH,MAD1L1,NCK2,RUNX2,RUNX1,RUNX3,BCL10,SKAP2,CD6,CD86,CD38,CD44,PHF14,HDAC4,TOX,TESPA1","Sputum_Neutrophilic"
"CC","lysosomal membrane",435,84,1.96239197174776e-05,0.0171439901947489,"ABCB6,PLAAT3,BORCS5,CLCN6,CLCN7,DRAM2,SLC31A2,CSF3R,NFAM1,SLC38A9,ABCA13,VPS13B,AP1G1,RAB12,SLC36A1,TPCN2,MARCHF8,DAGLB,ZNRF2,TAB2,SZT2,VPS39,PLD3,GNAI3,GNAQ,GNB1,ANXA2,ANXA6,HLA-DQA1,HLA-DRB1,HLA-DRB5,RAB37,LAMP1,LRP2,ARRB1,MITF,NPC1,ANKFY1,ATP6V1H,ATP6V1B2,ATP6V1C1,TM6SF1,CMTM6,MARCHF1,SLC29A3,DRAM1,LAPTM4B,PI4K2A,PIP4P2,TMEM165,LRRC8A,AZU1,PSAP,PSEN2,SPHK2,RPTOR,ELAPOR1,FNIP2,MEAK7,RAB5C,RHEB,SLC17A9,TRPM2,LAPTM5,RAB7A,AHNAK,LPCAT1,CUBN,DNAJC5,SLC7A5,TMEM163,SLC49A4,CPNE1,AP1M1,HPS4,TM4SF5,SPAG9,PIP4P1,SYNGR1,CD63,DEPDC5,TMEM63A,LAPTM4A,PLEKHM1","Sputum_Neutrophilic"
"CC","lytic vacuole membrane",435,84,1.96239197174776e-05,0.0171439901947489,"ABCB6,PLAAT3,BORCS5,CLCN6,CLCN7,DRAM2,SLC31A2,CSF3R,NFAM1,SLC38A9,ABCA13,VPS13B,AP1G1,RAB12,SLC36A1,TPCN2,MARCHF8,DAGLB,ZNRF2,TAB2,SZT2,VPS39,PLD3,GNAI3,GNAQ,GNB1,ANXA2,ANXA6,HLA-DQA1,HLA-DRB1,HLA-DRB5,RAB37,LAMP1,LRP2,ARRB1,MITF,NPC1,ANKFY1,ATP6V1H,ATP6V1B2,ATP6V1C1,TM6SF1,CMTM6,MARCHF1,SLC29A3,DRAM1,LAPTM4B,PI4K2A,PIP4P2,TMEM165,LRRC8A,AZU1,PSAP,PSEN2,SPHK2,RPTOR,ELAPOR1,FNIP2,MEAK7,RAB5C,RHEB,SLC17A9,TRPM2,LAPTM5,RAB7A,AHNAK,LPCAT1,CUBN,DNAJC5,SLC7A5,TMEM163,SLC49A4,CPNE1,AP1M1,HPS4,TM4SF5,SPAG9,PIP4P1,SYNGR1,CD63,DEPDC5,TMEM63A,LAPTM4A,PLEKHM1","Sputum_Neutrophilic"
"BP","endocytosis",701,134,2.00792350485916e-05,0.0171439901947489,"CDH13,TNK2,RAMP2,RAMP3,VAV3,MERTK,LILRB1,AP3M2,RAB31,LYST,AP3S1,CLU,SIRPA,CSNK1D,CSNK1E,GSG1L,ABCA13,GRK2,GRK3,AP1G1,DOCK1,DOCK2,ANO6,ARHGAP27,EPS15,TPCN2,FCER2,RAB11FIP2,AAK1,INPP5F,EPN2,FNBP1,TBC1D2B,FCHO1,RHOBTB2,NEDD4L,SYNE1,SCRIB,FPR2,CORO1C,SH3BP4,FYN,HEATR5A,DNM3,GAPVD1,BIN1,CLEC9A,SCARA5,GRB2,DBNL,GSN,ANXA2,HCK,APP,TICAM2,ITGAL,ATP9B,XKR5,LEPR,LGALS3,LGALS3BP,MYO18A,LRP2,LRP3,MIR185,ARRB1,MKLN1,MSR1,MYH9,MYO1E,NCF2,NEDD4,NPC1,OLR1,P2RX7,ITSN2,PRKN,SCARA3,ANKFY1,ATP6V1H,PI4KB,RIN2,HEATR5B,EPN3,APPL2,PPP3CA,PPT1,SIRPG,PIP4P2,STAB2,RAB20,SCYL2,PRKCE,BIN3,APOBR,MAPK1,AZU1,CAMK1D,CD177,MIB1,PTPN1,DENND1A,PTPRJ,EPS15L1,RAB27A,RAB5C,RALB,RARA,BCL2L1,ROCK1,SAG,ITSN1,SH3GL1,SORL1,SRC,TLR4,CCR2,VAV2,EZR,RAB7A,MCTP1,RIN3,RUFY1,CUBN,DYSF,PICALM,ITCH,MYCBPAP,STON2,MARCO,SYNJ2,PSTPIP1,PDLIM7,MAPKAPK2,CD63,TBC1D5,ELMO1,FCHSD2,RABGAP1L","Sputum_Neutrophilic"
"BP","post-Golgi vesicle-mediated transport",102,31,2.01657482434544e-05,0.0171439901947489,"OPTN,RAB31,OSBPL5,AP3S1,VTI1A,CNST,AP1G1,EPS15,ACSL3,EXOC6B,MACF1,GGA1,ATP2C1,ANK3,LAMP1,MYO1B,MYO5A,ANKFY1,CCDC93,EXOC6,EXOC2,VPS35L,EXOC4,GOLPH3,RBSN,SORL1,SPTBN1,LAPTM5,PHAF1,SEC16A,DOP1B","Sputum_Neutrophilic"
"CC","endomembrane system",4689,638,2.1124859754937e-05,0.0171439901947489,"PDCD6,ABCC5,ABCB6,GPC6,UST,PYURF,KIF20A,RASGRP1,OPTN,AKAP9,TNK2,ADAM10,NUTF2,MSLN,RAMP2,EMC8,IRAG1,DLC1,NDRG1,CDS1,CPQ,GPNMB,BAIAP2,OLFM4,ARFGEF1,CDC42EP3,STAMBP,CES1,IQGAP2,SRCAP,ADCY3,AP3M2,TMED10,LILRB3,RAB31,ABHD2,ADAM30,PLAAT3,CHI3L1,CHIT1,GALNT6,PADI2,MRAP2,VPS26B,CHRM3,MGAT4A,GOLM2,FKBP9,DTX2,NLRP3,OSBPL5,ARAP1,GALNT15,AP3S1,BORCS5,CLCN6,PDZD8,CLU,TPP1,FGD4,SPPL3,SLC38A10,OSCAR,DRAM2,COL4A2,PIGU,TANGO2,COL12A1,COL15A1,ZFAND2B,SLC31A2,CPE,GPAT4,SIRPA,VTI1A,TMEM120B,PHETA1,CSNK1D,TOM1L2,TMEM190,CREB3L4,CTLA4,NFAM1,CTSB,CTSG,CTSS,XXYLT1,CTSZ,CUX1,SLC38A9,ARSK,ABCA13,CYP3A7,VPS13B,CYP19A1,CLEC12A,CNST,AP1G1,UBXN2A,PRICKLE2,DEFA4,SGMS2,QSOX2,FUT11,CLEC4C,DLG1,DNASE1L1,DYNC1H1,DOCK2,AHCY,ANO6,MCEMP1,SPRED2,RAB12,STT3B,SMIM14,ENO1,CERS3,EPS15,SLC36A1,EXT1,F12,ACSL1,ACSL3,TPCN2,MARCHF8,ADGRG3,ZNRF2,RAB11FIP2,AAK1,LMTK2,CHSY1,FKBP2,INPP5F,TRAPPC8,ARSG,RUFY3,EPN2,TRAK1,CEP131,WDFY3,TMCC1,XPO7,TNIK,FNBP1,AVL9,ERC1,KIF1B,TBC1D2B,RAP1GAP2,TAB2,FCHO1,GRAMD4,RFTN1,CYFIP1,FLT1,FLT3,RHOBTB2,SIK2,PLCB1,DENND5A,MCF2L,MGRN1,FMOD,NEDD4L,CLASP1,VPS39,SYNE1,DOCK9,UBR4,COTL1,ABCA6,MACF1,TSPAN15,PIGN,FPR2,CDC42EP4,CORO1C,NUP62,LY96,PLD3,SH3BP4,GABARAPL1,ALOX5,FTL,ACKR1,FYN,CERS6,SERINC5,GCA,ARMC8,GALNS,GALNT2,IFFO1,GALNT3,SGMS1,MYRIP,IL4I1,DHRS7B,GORASP2,OSBPL3,GGA1,ABHD12,GAPVD1,INTS1,EHF,MYOF,GCNT2,CHIC2,GDI2,AMFR,ATP2C1,DISC1,AMPD3,GLB1,ARFIP1,CRCP,BIN1,GM2A,GNAI3,GNAQ,GNS,P4HA3,CCDC88B,B4GALNT3,CAVIN1,RNF149,GPER1,GPX4,ANK3,GRB2,RAPGEF1,DBNL,CD274,GSN,ZDHHC1,GUCY2C,GYG1,ANXA2,HCK,HEXA,HEXB,ANXA6,HK2,HLA-DQA1,HLA-DRB1,HLA-DRB5,HMGCR,APBB2,RAB37,HSD11B1,UBAC2,ENPP7,FMN1,IGFBP5,APP,TICAM2,INPP4A,IRAK2,ITGAL,ITPKB,ITPR1,ITPR2,JAK1,ATP9B,STIMATE,KCNQ1,ARG1,KPNA1,PLEKHM3,LAIR1,LAMB1,LAMP1,LCN2,LFNG,LGALS1,LGALS3,LGALS3BP,LIMK2,MYO18A,LMNA,LRP2,LRP3,LTBP1,ARRB1,ARSB,MAN1A1,MAN2B1,MAP3K5,MGAT5,MIA2,MPO,TARM1,GALNTL6,MYO1B,ASPH,NUDT1,MYH9,MYO5A,NCF2,NEDD4,SEPTIN2,NEDD9,NEO1,NFKB1,NGF,NGFR,NOTCH1,NOTCH4,NPC1,ATP2A2,OLR1,P4HB,PCSK6,MINK1,CHST11,GALNT9,ANO7,PRKN,ASAP1,TXNDC11,PHF11,IPO11,SHISA5,PCSK5,PCYT1A,ZDHHC3,PLAC8,CHST15,AIG1,PDE3B,PDE4B,SCARA3,ANKFY1,RTCB,SCLY,NBAS,ATP6V1H,MRPS23,CAB39,WWOX,INPP5K,GALNT7,ATP6V1B2,SERPINA1,SERPINB6,ATP6V1C1,PI4KB,PLA2G4A,PLAGL1,FXYD3,SLC37A1,YIPF1,POR,CCDC93,LEPROT,PCSK4,DYM,ALKBH5,PXK,LAX1,CMTM6,LPCAT2,CLN6,MARCHF1,EPN3,PLEKHB2,VPS37C,APPL2,P3H2,PPP2R5C,VPS53,FBXW7,CPPED1,SLC29A3,AGPAT5,LAPTM4B,PI4K2A,PPT1,PIP4P2,GALNT10,ZDHHC7,RAB20,SCYL2,ERMARD,CSGALNACT1,PRKCE,TEX2,TMEM165,ASH1L,PRKCZ,MAPK1,SULF2,BCAP29,DNAJC3,KLK10,AZU1,PSAP,PSEN2,RETN,SPHK2,AGPAT3,AGPAT4,NCLN,PSMB7,VPS35L,CD177,MAN1C1,LDAF1,PHTF2,ATP10A,ATP8B2,ERGIC1,PTAFR,RHBDD2,BIRC6,ELAPOR1,SORCS2,NCEH1,RIC1,WDFY1,PITPNM2,FAM234B,DHX37,PTPN1,WDFY4,ZFYVE28,PTPRJ,PTPRN2,PEX5,MS4A7,EPS15L1,RAB27A,RAB5C,RAP2A,RAPSN,TMEM35A,RDH5,BCL2,BCL2L1,TRIM27,RHEB,BCL6,ELOVL5,CYB5RL,ROCK1,RRBP1,CLIP1,RYR1,S100A1,S100A9,S100A12,S100P,THADA,SLC17A9,NECAB3,SELL,GOLPH3,XYLT1,RBSN,P3H1,DNAJC1,MMP25,WIPF3,TMEM168,SGK1,ITSN1,ARRDC5,SH3GL1,CREB3L2,LMF1,ST6GAL1,ST3GAL3,SLA,SLC2A5,SLC6A9,SLC9A3,SLC34A1,SLN,SLPI,CHID1,SNTB2,SORL1,SRC,SRPK1,STK10,STXBP2,BSG,SULT2B1,ADAM17,TBXAS1,TGFA,TGFB3,TGFBI,TIMP2,SEC62,TLR4,TRAPPC10,TNFRSF1B,TRAF2,TRAF3,TRPM2,TYRP1,UBE2D3,CLRN1,VCL,EZR,VRK2,XRCC5,LDLRAD4,ZNF148,PRDM2,LAPTM5,CSDE1,RAB7A,FYCO1,GALNT14,ZDHHC14,GALNT12,MCTP1,CLMN,ALG9,CAMKMT,ZDHHC11,LPCAT1,RIN3,ATP8B4,SPEF2,KIAA0319L,SLC35E1,SYNDIG1,SCD5,ATAT1,WLS,NAA25,VCPIP1,CCDC170,UXS1,RAB11FIP1,RUFY1,PHAF1,CUBN,FER1L4,PDGFD,DNAJC5,COL18A1,DCSTAMP,SNX27,TMEM163,VMP1,CAMK2D,TRIM7,CAMK2G,SBF2,CAPN1,DYSF,PICALM,CAST,ADPGK,GSG1,TRAPPC9,ITCH,TAS1R3,MAD1L1,B3GNT5,MYCBPAP,ANKRD27,ZDHHC18,STK24,HPS3,NCK2,RAB11FIP4,DCTN5,CUL3,TPST2,TNRC18,CRACR2A,PLPP7,ADTRP,ZNRF1,SERAC1,PIGY,PPFIA1,ITGA8,CST7,STON2,SSH2,LGR5,PLPP3,STC2,RNASET2,TNKS,B3GALT1,CDS2,NRP1,PROM1,KSR1,ASAP2,CPNE1,AP1M1,HPS4,NAV3,MVB12B,PKD2L1,SPAG9,PIP4P1,USP10,MTMR7,SYNGR1,COL23A1,LARGE1,RAB11B,PXYLP1,DHRS3,MS4A3,B4GALT5,CPNE6,NHERF1,TM9SF2,NRXN1,GRAP2,EIF2AK3,CHST3,STX8,PIGL,SLC4A8,RPH3AL,CYTIP,CD44,ABCG1,NUP155,SEC24C,CLCA2,CD58,CD59,LPIN2,CD63,NOS1AP,TMEM63A,LAPTM4A,PHACTR2,TBC1D5,CDA,RNF144A,TESPA1,PLEKHM1,FCHSD2,RABGAP1L,SEC16A,IQSEC1,HS3ST3B1,MVP,DOP1B,CDH1","Sputum_Neutrophilic"
"BP","cell activation",1091,171,2.25796327643318e-05,0.0171439901947489,"RASGRP1,ADAM10,CDK6,IKZF1,NDRG1,VAV3,GPNMB,MERTK,GNA13,TRAF3IP2,LILRB1,RIPK3,HHLA2,NLRP3,SLAMF6,CLNK,CLU,JAML,CCR6,CCR7,KLF6,IL31RA,SIRPA,CSRP1,CTLA4,NFAM1,CTSG,DGKG,ZFPM1,AP1G1,WBP2NL,DLG1,DOCK2,DUSP3,AKT1,F2RL2,PTK2B,FCER2,ADGRG3,FCHO1,FLT3,PLCB1,KIF13B,SCRIB,FYN,HECTD1,IL4I1,FOXP1,STK39,GNAQ,GP5,CCDC88B,GPER1,RGCC,CD274,GSN,HELLS,HLA-DQA1,HLA-DRB1,HLA-DRB5,APP,RBPJ,TICAM2,IL2RA,IL7R,TNFRSF9,INHBA,INPP5D,ITGAL,ITPKB,JAK1,ARG1,KPNA1,LAMP1,LCK,LEPR,LFNG,LGALS1,LGALS3,RHOH,MYO18A,LYL1,MIR145,MIR185,MIR21,SMAD4,SMAD7,MEF2C,EIF2AK4,TARM1,MYB,MYH9,NEDD9,NFATC2,P2RX7,PIK3CD,PLA2G4A,SHLD2,LAX1,PBRM1,PPP3CA,SIRPG,CHD7,PRKCB,PRKCE,PAG1,PRKCZ,PRKDC,CRTAM,LRRC8A,AZU1,SLAMF8,SPHK2,CD177,PELI1,ZMIZ1,PTAFR,ARID1B,PREX1,WDFY4,PTPRJ,RAB27A,RARA,BCL2,BCL6,RORC,S100A12,S100A13,BID,SAMSN1,VSIR,SEMA4A,CRTC3,MARCHF7,SMARCA2,SMARCC1,SMARCD1,SRC,BRAF,STAT3,STAT5B,STXBP2,ADAM17,TCF3,TLR4,TNFRSF1B,CCR2,VAV2,VCL,NSD2,ZNF3,LAPTM5,DCSTAMP,SNX27,DOCK8,DYSF,RASSF5,ITCH,MAD1L1,NCK2,UBASH3B,CST7,LMO4,RUNX2,RUNX1,RUNX3,BCL10,SKAP2,CD6,CD86,CD38,CD44,PHF14,HDAC4,TOX,ZEB2,TESPA1","Sputum_Neutrophilic"
"CC","vesicle",4084,544,2.26610731743787e-05,0.0171439901947489,"KCNE3,PDCD6,ABCC5,ABCB6,CDH13,OPTN,TNK2,ADAM10,NUTF2,CTDSPL,NOD1,NDRG1,CPQ,BASP1,GPNMB,BAIAP2,DCTN2,OLFM4,STAMBP,PMVK,GNA13,TRAF3IP2,IQGAP2,MTMR11,SUB1,AP3M2,TMED10,LILRB3,RAB31,ABHD2,WWP2,ADAM30,CHI3L1,CHIT1,PADI2,CHRM2,VPS26B,MGAT4A,ACOT7,SLAMF6,GALNT15,AP3S1,BORCS5,CLCN6,CLU,TPP1,TMEM52B,SPPL3,SLC24A4,GGT6,OSCAR,COL4A2,COL12A1,COL15A1,SLC31A2,CPE,CPM,SIRPA,CS,VTI1A,CSF3,CSF3R,DNHD1,PHETA1,CSRP1,TOM1L2,TMEM190,CTLA4,NFAM1,CTSB,CTSG,CTSS,CTSZ,DAB2IP,SLC38A9,ABCA13,VPS13B,CLEC12A,EML5,CNST,AP1G1,DEFA4,CLEC4C,DLG1,DNASE1L1,DYNC1H1,DOCK2,SLC26A2,AHCY,ANO6,MCEMP1,SPRED2,RAB12,ENO1,EPS15,AKT1,FBL,F11,F12,ALDH2,FBLN1,TPCN2,FCER2,MARCHF8,ADGRG3,ALDH9A1,ZNRF2,RAB11FIP2,AAK1,LMTK2,INPP5F,FKBP5,DENND3,EPN2,TRAK1,CEP131,TNIK,KIF21B,FNBP1,AVL9,KIF1B,TBC1D2B,TAB2,RFTN1,CYFIP1,FLT1,FLT3,RHOBTB2,PLCB1,MGRN1,TUT4,NEDD4L,VPS39,UBR4,COTL1,SCRIB,TSPAN15,DDAH1,FPR2,CDC42EP4,CORO1C,LY96,PLD3,SH3BP4,GABARAPL1,ALOX5,FTL,ACKR1,FYN,SERINC5,GCA,PRDX5,ARMC8,GALNS,GALNT3,MYRIP,IL4I1,HEATR5A,ACOT11,DNM3,GGA1,GAPVD1,GBE1,MYOF,CHIC2,GDI2,RGL4,GFPT1,GGT1,CYFIP2,SND1,AGO2,DISC1,AMPD3,GLB1,CRCP,BIN1,GM2A,GNAI3,GNAQ,GNB1,GNG7,GNS,GP5,GPD1,METRNL,RNF149,RUFY4,GPER1,GPX4,GRB2,RAPGEF1,DBNL,CD274,GSN,ZDHHC1,GYG1,ANXA2,HCK,HEXA,HEXB,ANXA6,HLA-DQA1,HLA-DRB1,HLA-DRB5,AOAH,HNMT,APBB2,HPS1,RAB37,IARS1,IDH2,APP,TICAM2,IL7R,INPP4A,AQP7,IRAK2,ITGAL,ITPR1,ITPR2,JAK1,CD82,ATP9B,KCNQ1,ARG1,SLC9A4,LAIR1,LAMA5,LAMB1,LAMP1,LCK,LCN2,LFNG,LGALS1,LGALS3,LGALS3BP,LPO,LRP2,LSP1,MIR145,MIR185,MIR21,ARRB1,ARSB,MAN1A1,MAN2B1,MARK3,MARS1,ART3,MDH2,MGAT5,MPO,ABCC1,TARM1,MYO1B,MSR1,MTAP,NUDT1,MYH9,MYH10,MYH11,MYO1A,MYO1C,MYO1E,MYO5A,MYO7B,NAGA,NCF2,NEDD4,SEPTIN2,NEO1,NFKB1,NGF,NGFR,NQO2,NOTCH1,NPC1,NRF1,NUMA1,OLR1,P4HB,PEBP1,MINK1,ITSN2,PALM,PRKN,CRYL1,PLAC8,PDE4B,PCYOX1,ANKFY1,ATP6V1H,CAB39,GALNT7,ATP6V1B2,SERPINA1,SERPINB6,ATP6V1C1,PI4KA,PI4KB,PLEC,FXYD3,PCBP3,GNG2,YIPF1,RIN2,HEATR5B,CPVL,CCDC93,LEPROT,PCSK4,CDHR2,NSUN2,PXK,CMTM6,CLN6,MARCHF1,EPN3,PLEKHB2,VPS37C,PPP2R1A,VPS13D,APPL2,UQCC1,VPS53,CPPED1,SLC29A3,LAPTM4B,PI4K2A,PPT1,PIP4P2,STAB2,RAB20,SCYL2,PRKCB,PRKCH,TMEM165,PRKCZ,MAPK1,DNAJC3,PRSS8,KLK10,AZU1,PSAP,PSEN2,RETN,PSMB7,VPS35L,CD177,MAN1C1,SMURF1,ERGIC1,PTAFR,BIRC6,MIB1,ELAPOR1,SORCS2,WDFY1,DIP2B,CPNE5,PTPN1,WDFY4,DENND1A,ZFYVE28,PTPRJ,PTPRN2,PTPRO,RAB27A,RAB5C,RALB,RAP2A,TMEM35A,BCL2L1,TRIM27,RHEB,ROCK1,RREB1,CLIP1,RYR1,S100A9,S100A10,S100A12,S100P,SCN8A,SLC17A9,SELL,GOLPH3,RBSN,KIF9,P3H1,MMP25,BLVRA,WIPF3,TMEM168,ITSN1,ARRDC5,SH3GL1,NIBAN2,SLA,SLC1A2,SLC2A5,SLC6A9,BMP6,SLC9A3,SLC34A1,SLC20A2,SLPI,CHID1,SNTB2,SORL1,SPTBN1,SRC,STK10,STXBP2,BSG,SULT2B1,BTD,TGFA,TGFB3,TGFBI,TIMP2,TLR4,TRAPPC10,TNFRSF1B,TRAF2,TRAF3,TRPM2,HIRA,TXNRD1,TYRP1,UBE2D3,CLRN1,UTRN,VCL,EZR,WARS1,FMNL1,XRCC5,LDLRAD4,YWHAE,YWHAG,YWHAZ,LAPTM5,RAB7A,AHNAK,FYCO1,SH3TC2,MCTP1,ZDHHC11,LPCAT1,RIN3,ATP8B4,KIAA0319L,SYNDIG1,WLS,UXS1,RUBCNL,RAB11FIP1,RUFY1,PHAF1,CUBN,FER1L4,DNAJC5,TTYH3,COL18A1,DUSP16,SLC7A5,DCSTAMP,SLC38A1,NECTIN4,SNX27,TMEM163,CAMK2D,CAMK2G,SBF2,CAPG,CAPN1,DYSF,PICALM,AXIN1,AIF1L,TRAPPC9,ITCH,FAM234A,ADGRV1,MYCBPAP,ANKRD27,STK24,HPS3,NCK2,RAB11FIP4,CUL3,CRACR2A,ZNRF1,CST7,ABCC11,STON2,SSH2,RNASET2,MARCO,TNFSF10,NRP1,PROM1,CPNE1,AP1M1,HPS4,MVB12B,PKD2L1,SPAG9,ANGPTL1,PIP4P1,USP10,SYNGR1,RAB11B,MOB1B,MAPKAPK2,MS4A3,CPNE6,NHERF1,TM9SF2,NRXN1,GRAP2,CD86,GSTO1,SH3BP5,STX8,SLC4A8,RPH3AL,CD38,ENTPD1,CYTIP,CD44,ABCG1,CD48,SEC24C,CD58,IQCB1,CD59,CD63,TMEM63A,LAPTM4A,PHACTR2,TBC1D5,CDA,RNF144A,MTSS1,PLEKHM1,FCHSD2,TBC1D4,RABGAP1L,SEC16A,IQSEC1,MVP,DOP1B,CDH1","Sputum_Neutrophilic"
"BP","leukocyte cell-cell adhesion",416,77,2.26720780468995e-05,0.0171439901947489,"RASGRP1,TNIP1,GPNMB,LILRB1,HHLA2,NLRP3,CCR7,SIRPA,CTLA4,CTSG,DLG1,DUSP3,AKT1,ETS1,EXT1,FCHO1,SCRIB,ALOX5,FYN,IL4I1,CCDC88B,CD274,HLA-DQA1,HLA-DRB1,HLA-DRB5,IL2RA,IL7R,ITGAL,ITPKB,ARG1,LCK,LGALS1,LGALS3,RHOH,MIR21,SMAD7,TARM1,OLR1,LAX1,PBRM1,PPP3CA,SIRPG,PAG1,PRKCZ,CRTAM,CD177,PELI1,ZMIZ1,PTAFR,ARID1B,RARA,BCL6,ROCK1,S100A9,SELL,GOLPH3,VSIR,MARCHF7,SMARCA2,SMARCC1,SMARCD1,SRC,STAT5B,STK10,CCR2,EZR,LAPTM5,DOCK8,ITCH,MAD1L1,NCK2,ADTRP,RUNX1,RUNX3,BCL10,CD6,CD86,CD44,TESPA1","Sputum_Neutrophilic"
"CC","azurophil granule lumen",90,23,2.33877704645844e-05,0.0171439901947489,"PADI2,CTSG,DYNC1H1,FTL,GCA,GALNS,GDI2,GLB1,GM2A,GNS,ANXA2,HEXB,ARG1,ARSB,MAN2B1,MPO,PLAC8,CPPED1,MAPK1,DNAJC3,AZU1,RETN,RNASET2","Sputum_Neutrophilic"
"CC","secretory granule membrane",313,60,4.38296562123207e-05,0.0311245346177742,"ADAM10,IQGAP2,TMED10,LILRB3,RAB31,CPE,SIRPA,TMEM190,NFAM1,ABCA13,VPS13B,CLEC12A,CLEC4C,ANO6,MCEMP1,ADGRG3,UBR4,FPR2,RAB37,TICAM2,ITGAL,ITPR1,ITPR2,LAIR1,LAMP1,LGALS3,TARM1,OLR1,SERPINB6,PCSK4,CMTM6,AZU1,PSAP,VPS35L,CD177,PTAFR,PTPRJ,PTPRN2,RAB5C,SLC17A9,SELL,MMP25,SLC2A5,STK10,BSG,TNFRSF1B,TRPM2,RAB7A,LPCAT1,ATP8B4,DNAJC5,CPNE1,AP1M1,SYNGR1,MS4A3,CD44,CD58,CD59,CD63,TMEM63A,PHACTR2","Sputum_Neutrophilic"
"CC","specific granule lumen",62,18,5.08730658414716e-05,0.0350315014600485,"OLFM4,CHI3L1,CHIT1,OSCAR,CTSZ,DEFA4,DNASE1L1,DOCK2,CYFIP1,ARMC8,ARG1,LCN2,NFKB1,RETN,RAB27A,SLPI,TIMP2,VCL,CRACR2A","Sputum_Neutrophilic"
"MF","GTPase regulator activity",479,107,5.93162884309578e-05,0.0385115239515738,"SH2D3C,RASGRP1,FARP1,TNK2,DLC1,VAV3,ARFGEF1,GNA13,IQGAP2,ADAP1,TBC1D8,AKAP13,CHN2,ARAP1,FGD4,SIRPA,DAB2IP,SLC38A9,DOCK1,DOCK2,ARHGAP27,SPATA13,RASA3,DENND3,TBC1D9B,ARHGAP26,MCF2L2,TBC1D2B,RAP1GAP2,RGL1,TBC1D1,PLCB1,DENND5A,MCF2L,DOCK9,RABGAP1,SH3BP4,PLEKHG3,GAPVD1,FBXO8,SERGEF,GDI2,RGL4,GNAQ,GRB2,RAPGEF1,ARHGAP35,HMGCR,HPS1,RHOH,ARRB1,MYO9B,ITSN2,ARHGEF3,ASAP1,PLXNB1,RIN2,RALGPS2,ARHGEF10L,PLEKHG6,ADAP2,ARHGAP15,RALGAPB,RALGAPA2,SIPA1L2,PREX1,RIC1,DENND1A,ARHGAP22,RALGDS,RGS1,RGS3,RGS12,ARHGEF28,ITSN1,TBCD,TRIO,VAV2,ARHGAP10,RIN3,DENND2D,DOCK8,SBF2,ARHGAP24,ANKRD27,BCAR3,GARNL3,DOCK7,NRP1,SYNGAP1,ASAP2,ARHGEF7,HERC2,HPS4,STARD13,ITGB1BP1,ARHGAP18,RASAL2,SH3BP5,ARHGEF10,DEPDC5,TBC1D5,ARHGEF17,ELMO1,FARP2,TBC1D4,SRGAP3,RABGAP1L,IQSEC1","Sputum_Neutrophilic"
"MF","nucleoside-triphosphatase regulator activity",479,107,5.93162884309578e-05,0.0385115239515738,"SH2D3C,RASGRP1,FARP1,TNK2,DLC1,VAV3,ARFGEF1,GNA13,IQGAP2,ADAP1,TBC1D8,AKAP13,CHN2,ARAP1,FGD4,SIRPA,DAB2IP,SLC38A9,DOCK1,DOCK2,ARHGAP27,SPATA13,RASA3,DENND3,TBC1D9B,ARHGAP26,MCF2L2,TBC1D2B,RAP1GAP2,RGL1,TBC1D1,PLCB1,DENND5A,MCF2L,DOCK9,RABGAP1,SH3BP4,PLEKHG3,GAPVD1,FBXO8,SERGEF,GDI2,RGL4,GNAQ,GRB2,RAPGEF1,ARHGAP35,HMGCR,HPS1,RHOH,ARRB1,MYO9B,ITSN2,ARHGEF3,ASAP1,PLXNB1,RIN2,RALGPS2,ARHGEF10L,PLEKHG6,ADAP2,ARHGAP15,RALGAPB,RALGAPA2,SIPA1L2,PREX1,RIC1,DENND1A,ARHGAP22,RALGDS,RGS1,RGS3,RGS12,ARHGEF28,ITSN1,TBCD,TRIO,VAV2,ARHGAP10,RIN3,DENND2D,DOCK8,SBF2,ARHGAP24,ANKRD27,BCAR3,GARNL3,DOCK7,NRP1,SYNGAP1,ASAP2,ARHGEF7,HERC2,HPS4,STARD13,ITGB1BP1,ARHGAP18,RASAL2,SH3BP5,ARHGEF10,DEPDC5,TBC1D5,ARHGEF17,ELMO1,FARP2,TBC1D4,SRGAP3,RABGAP1L,IQSEC1","Sputum_Neutrophilic"
"BP","T cell activation",558,97,6.27999721710875e-05,0.0396407379893276,"RASGRP1,CDK6,GPNMB,TRAF3IP2,LILRB1,RIPK3,HHLA2,NLRP3,SLAMF6,JAML,CCR6,CCR7,SIRPA,CTLA4,CTSG,ZFPM1,DLG1,DOCK2,DUSP3,AKT1,FCHO1,KIF13B,SCRIB,FYN,IL4I1,FOXP1,CCDC88B,CD274,GSN,HLA-DQA1,HLA-DRB1,HLA-DRB5,IL2RA,IL7R,TNFRSF9,ITGAL,ITPKB,JAK1,ARG1,LCK,LEPR,LFNG,LGALS1,LGALS3,RHOH,MIR21,SMAD7,EIF2AK4,TARM1,MYB,MYH9,P2RX7,PIK3CD,LAX1,PBRM1,PPP3CA,SIRPG,CHD7,PAG1,PRKCZ,PRKDC,CRTAM,PELI1,ZMIZ1,ARID1B,PREX1,WDFY4,RAB27A,RARA,BCL2,BCL6,RORC,BID,VSIR,SEMA4A,MARCHF7,SMARCA2,SMARCC1,SMARCD1,SRC,BRAF,STAT3,STAT5B,ADAM17,TNFRSF1B,CCR2,LAPTM5,DOCK8,ITCH,MAD1L1,NCK2,RUNX2,RUNX1,RUNX3,BCL10,CD6,CD86,CD44,TOX,TESPA1","Sputum_Neutrophilic"
"CC","tertiary granule",164,33,8.36501836565745e-05,0.0513747776597838,"ADAM10,OLFM4,CHIT1,OSCAR,SIRPA,CTSS,CLEC12A,CLEC4C,ANO6,MCEMP1,CYFIP1,UBR4,FPR2,ARMC8,DBNL,LAIR1,LAMP1,LGALS3,TARM1,OLR1,SERPINB6,VPS35L,CD177,PTAFR,PTPRN2,STXBP2,TIMP2,TRPM2,ATP8B4,CD58,CD59,TMEM63A,CDA","Sputum_Neutrophilic"
"BP","defense response",1804,225,9.31116628612252e-05,0.0556807743910126,"TRIM10,RASGRP1,OPTN,TNIP1,MICU1,NOD1,ADARB1,TRIM38,CELF1,CXCR6,TRAF3IP2,ZMYND11,LILRB1,LILRB3,RIPK3,CHI3L1,VPS26B,LYST,NLRP3,SLAMF6,IL22RA2,CLNK,CLU,RNASE11,CCR6,CCR7,IL31RA,CREBBP,ADORA3,NEK7,SIRPA,CSF3R,NFAM1,CTSG,CTSS,DAB2IP,CYP19A1,DAPK1,AP1G1,DEFA4,CLEC4C,ANO6,MLKL,EIF4G1,AKT1,ETS1,EXT1,F12,PTK2B,DAGLB,RAB11FIP2,TRIM35,TAB2,GRAMD4,RFTN1,COTL1,FPR2,CDC42EP4,FPR3,LY96,PLD3,ALOX5,ACKR1,FYN,CERS6,LYG2,SERINC5,PRDX5,DHRS7B,ABHD12,TRAF3IP1,GFI1,GGT1,FOXP1,CRCP,STK39,GNG7,CCDC88B,METRNL,GPER1,TREML4,SETD2,NR3C1,TBK1,GSN,ZDHHC1,HCK,HK1,HLA-DRB1,AOAH,APP,RBPJ,TICAM2,IKBKB,IL2RA,IL5RA,IL7R,IL16,INHBA,IRAK2,IRF2,ITGAL,JAK1,ARG1,CCL4L1,LAMP1,LCK,LCN2,LGALS1,LGALS3,LGALS3BP,LPO,LSP1,MIR140,MIR145,MIR21,MEF2C,MAP3K5,MPO,ABCC1,EIF2AK4,MIAT,TARM1,MYO1C,NCF2,NEDD4,NFKB1,NFX1,NOTCH1,RNASE12,MIR378A,OLR1,P2RX7,PLAC8,SERPINA1,PIK3CD,TRIM34,ACP5,SETD4,RNF216,RBM47,PXK,APPL2,PSPC1,LGR4,PRB3,STAB2,RAB20,PRKCE,ASH1L,PRKCZ,PRKDC,DNAJC3,CRTAM,AZU1,SLAMF8,CAMK1D,CD177,PELI1,PTAFR,TMIGD3,WDFY1,PTPN1,NLRC4,RAB27A,BCL2,BCL2L1,TRIM27,BCL6,S100A9,S100A12,CCL18,MMP25,LYPD8,SKP2,BMP6,SLPI,CHID1,SRC,SRPK1,STAT3,STAT5B,ADAM17,TLR4,C1QB,TNFRSF1B,TRAF2,TRAF3,CCR2,UBA7,XRCC5,YWHAZ,ZNF148,TRIM26,LAPTM5,MCPH1,NLRX1,ZDHHC11,ATAT1,CCDC92,AKNA,APOL3,AKAP1,TRIM7,ITCH,ZDHHC18,RNF135,CUL3,SPINK7,ZNRF1,CST7,RNASET2,OASL,MARCO,TNFRSF11A,BCL10,TRIM15,TSPAN18,PSTPIP1,LARGE1,CD6,MAPKAPK2,AIM2,LY86,STX8,CD44,CD48,CD58,HDAC4,ZEB2","Sputum_Neutrophilic"
"CC","vesicle membrane",1224,199,0.000107624894986727,0.0618505893967779,"PDCD6,ABCC5,ABCB6,OPTN,TNK2,ADAM10,NDRG1,GPNMB,IQGAP2,AP3M2,TMED10,LILRB3,RAB31,ADAM30,CHRM2,AP3S1,BORCS5,CLCN6,SPPL3,SLC31A2,CPE,SIRPA,VTI1A,CSF3R,TMEM190,NFAM1,SLC38A9,ABCA13,VPS13B,CLEC12A,AP1G1,CLEC4C,ANO6,MCEMP1,SPRED2,RAB12,EPS15,TPCN2,MARCHF8,ADGRG3,ZNRF2,RAB11FIP2,INPP5F,EPN2,KIF1B,TAB2,FLT3,RHOBTB2,VPS39,UBR4,TSPAN15,FPR2,CORO1C,LY96,PLD3,GABARAPL1,GGA1,MYOF,BIN1,GPER1,GRB2,DBNL,CD274,ZDHHC1,ANXA2,ANXA6,HLA-DQA1,HLA-DRB1,HLA-DRB5,RAB37,TICAM2,IL7R,INPP4A,AQP7,IRAK2,ITGAL,ITPR1,ITPR2,KCNQ1,LAIR1,LAMP1,LGALS3,LRP2,ARRB1,TARM1,MYO1B,MSR1,MYO1C,NPC1,OLR1,ANKFY1,ATP6V1H,ATP6V1B2,SERPINB6,ATP6V1C1,PI4KA,YIPF1,LEPROT,PCSK4,PXK,CMTM6,MARCHF1,EPN3,PLEKHB2,VPS37C,APPL2,VPS53,SLC29A3,LAPTM4B,PI4K2A,PIP4P2,STAB2,RAB20,SCYL2,TMEM165,AZU1,PSAP,VPS35L,CD177,PTAFR,ELAPOR1,SORCS2,DENND1A,ZFYVE28,PTPRJ,PTPRN2,RAB27A,RAB5C,RAP2A,BCL2L1,CLIP1,SLC17A9,SELL,RBSN,MMP25,SH3GL1,SLC2A5,SLC6A9,SLC9A3,SNTB2,SORL1,STK10,BSG,TGFA,TLR4,TNFRSF1B,TRAF2,TRPM2,TYRP1,UBE2D3,LDLRAD4,RAB7A,MCTP1,ZDHHC11,LPCAT1,ATP8B4,SYNDIG1,WLS,RAB11FIP1,RUFY1,PHAF1,FER1L4,DNAJC5,DCSTAMP,SNX27,TMEM163,CAMK2D,CAMK2G,SBF2,DYSF,ITCH,MYCBPAP,ANKRD27,NCK2,RAB11FIP4,ZNRF1,ABCC11,STON2,MARCO,CPNE1,AP1M1,MVB12B,PIP4P1,SYNGR1,RAB11B,MS4A3,TM9SF2,SH3BP5,SLC4A8,RPH3AL,CD44,SEC24C,CD58,CD59,CD63,TMEM63A,LAPTM4A,PHACTR2,TBC1D5,RNF144A,PLEKHM1,SEC16A,DOP1B","Sputum_Neutrophilic"
"BP","regulation of lymphocyte activation",502,87,0.00010887271500929,0.0618505893967779,"RASGRP1,VAV3,GPNMB,MERTK,LILRB1,RIPK3,HHLA2,NLRP3,CLNK,CCR7,SIRPA,CTLA4,NFAM1,CTSG,AP1G1,DLG1,DUSP3,AKT1,FCHO1,SCRIB,FYN,IL4I1,CCDC88B,CD274,HLA-DQA1,HLA-DRB1,HLA-DRB5,TICAM2,IL2RA,IL7R,TNFRSF9,INHBA,INPP5D,ITPKB,ARG1,LAMP1,LCK,LGALS1,LGALS3,RHOH,MIR185,MIR21,SMAD7,MEF2C,TARM1,NEDD9,NFATC2,SHLD2,LAX1,PBRM1,PPP3CA,SIRPG,PAG1,PRKCZ,PRKDC,CRTAM,SLAMF8,PELI1,ZMIZ1,ARID1B,RARA,BCL2,BCL6,BID,SAMSN1,VSIR,MARCHF7,SMARCA2,SMARCC1,SMARCD1,SRC,BRAF,STAT5B,TLR4,TNFRSF1B,CCR2,NSD2,LAPTM5,DOCK8,RASSF5,ITCH,MAD1L1,NCK2,RUNX1,RUNX3,BCL10,CD6,CD86,CD38,TOX,TESPA1","Sputum_Neutrophilic"
"BP","Golgi to plasma membrane transport",57,19,0.000111826523329597,0.0619791686863843,"OPTN,RAB31,OSBPL5,CNST,ACSL3,EXOC6B,MACF1,GGA1,ATP2C1,ANK3,CCDC93,EXOC6,EXOC2,VPS35L,EXOC4,GOLPH3,SPTBN1,PHAF1,SEC16A","Sputum_Neutrophilic"
"CC","cytoplasmic vesicle membrane",1209,196,0.000116576929979407,0.0630736704012394,"PDCD6,ABCC5,ABCB6,OPTN,TNK2,ADAM10,NDRG1,GPNMB,IQGAP2,AP3M2,TMED10,LILRB3,RAB31,ADAM30,CHRM2,AP3S1,BORCS5,CLCN6,SPPL3,SLC31A2,CPE,SIRPA,VTI1A,CSF3R,TMEM190,NFAM1,SLC38A9,ABCA13,VPS13B,CLEC12A,AP1G1,CLEC4C,ANO6,MCEMP1,SPRED2,RAB12,EPS15,TPCN2,MARCHF8,ADGRG3,ZNRF2,RAB11FIP2,INPP5F,EPN2,KIF1B,TAB2,FLT3,RHOBTB2,VPS39,UBR4,TSPAN15,FPR2,CORO1C,LY96,PLD3,GABARAPL1,GGA1,MYOF,BIN1,GPER1,DBNL,CD274,ZDHHC1,ANXA2,ANXA6,HLA-DQA1,HLA-DRB1,HLA-DRB5,RAB37,TICAM2,IL7R,INPP4A,AQP7,IRAK2,ITGAL,ITPR1,ITPR2,KCNQ1,LAIR1,LAMP1,LGALS3,LRP2,ARRB1,TARM1,MYO1B,MSR1,MYO1C,NPC1,OLR1,ANKFY1,ATP6V1H,ATP6V1B2,SERPINB6,ATP6V1C1,PI4KA,YIPF1,LEPROT,PCSK4,PXK,CMTM6,MARCHF1,EPN3,PLEKHB2,VPS37C,APPL2,VPS53,SLC29A3,LAPTM4B,PI4K2A,PIP4P2,STAB2,RAB20,SCYL2,TMEM165,AZU1,PSAP,VPS35L,CD177,PTAFR,ELAPOR1,SORCS2,DENND1A,ZFYVE28,PTPRJ,PTPRN2,RAB27A,RAB5C,RAP2A,BCL2L1,CLIP1,SLC17A9,SELL,RBSN,MMP25,SH3GL1,SLC2A5,SLC6A9,SLC9A3,SNTB2,SORL1,STK10,BSG,TGFA,TLR4,TNFRSF1B,TRPM2,TYRP1,UBE2D3,LDLRAD4,RAB7A,MCTP1,ZDHHC11,LPCAT1,ATP8B4,SYNDIG1,WLS,RAB11FIP1,RUFY1,PHAF1,FER1L4,DNAJC5,DCSTAMP,SNX27,TMEM163,CAMK2D,CAMK2G,SBF2,DYSF,ITCH,MYCBPAP,ANKRD27,RAB11FIP4,ZNRF1,ABCC11,STON2,MARCO,CPNE1,AP1M1,MVB12B,PIP4P1,SYNGR1,RAB11B,MS4A3,TM9SF2,SH3BP5,SLC4A8,RPH3AL,CD44,SEC24C,CD58,CD59,CD63,TMEM63A,LAPTM4A,PHACTR2,TBC1D5,RNF144A,PLEKHM1,SEC16A,DOP1B","Sputum_Neutrophilic"
"BP","negative regulation of T cell activation",132,28,0.000128933365416925,0.068136785947307,"GPNMB,LILRB1,CTLA4,CTSG,DLG1,DUSP3,SCRIB,IL4I1,CD274,HLA-DRB1,IL2RA,ARG1,LGALS3,MIR21,SMAD7,TARM1,LAX1,PAG1,CRTAM,PELI1,BCL6,VSIR,MARCHF7,LAPTM5,ITCH,MAD1L1,RUNX1,RUNX3,CD86","Sputum_Neutrophilic"
"BP","negative regulation of lymphocyte activation",168,34,0.000165375425140079,0.0854088900200719,"GPNMB,MERTK,LILRB1,CLNK,CTLA4,CTSG,DLG1,DUSP3,SCRIB,IL4I1,CD274,HLA-DRB1,IL2RA,INHBA,INPP5D,ARG1,LGALS3,MIR185,MIR21,SMAD7,TARM1,LAX1,PAG1,CRTAM,PELI1,BCL6,SAMSN1,VSIR,MARCHF7,LAPTM5,RASSF5,ITCH,MAD1L1,RUNX1,RUNX3,CD86","Sputum_Neutrophilic"
"BP","vesicle-mediated transport",1523,245,0.000178132241739486,0.0899528235841797,"PDCD6,CDH13,RASGRP1,OPTN,TNK2,RAMP2,RAMP3,VAV3,MERTK,ARFGEF1,CES1,LILRB1,AP3M2,TMED10,RAB31,VPS26B,LYST,OSBPL5,CLNK,AP3S1,CLU,SIRPA,VTI1A,PHETA1,CSNK1D,CSNK1E,GSG1L,CTBP2,ABCA13,GRK2,GRK3,VPS13B,CNST,AP1G1,DOCK1,DOCK2,ANO6,ARHGAP27,RAB12,EPS15,ACSL3,TPCN2,FCER2,RAB11FIP2,AAK1,LMTK2,INPP5F,TRAPPC8,DENND3,EPN2,TRAK1,TMCC1,FNBP1,ERC1,KIF1B,TBC1D2B,FCHO1,CYFIP1,RHOBTB2,EXOC6B,DENND5A,EXOC7,MGRN1,NEDD4L,CLASP1,VPS39,SYNE1,MACF1,SCRIB,FPR2,CORO1C,SH3BP4,FYN,HEATR5A,DNM3,GGA1,GAPVD1,GDI2,ATP2C1,ARFIP1,BIN1,CLEC9A,SCARA5,ANK3,GRB2,DBNL,GSN,ANXA2,HCK,HPS1,IGF1R,APP,TICAM2,ITGAL,ATP9B,XKR5,LAMP1,LEPR,LGALS3,LGALS3BP,MYO18A,LRP2,LRP3,MIR185,ARRB1,MIA2,MKLN1,MYO1B,MSR1,MYH9,MYO1E,MYO5A,NCF2,NEDD4,SEPTIN2,NOTCH1,NPC1,ATP2A2,OLR1,P2RX7,P4HB,ITSN2,PRKN,SCARA3,ANKFY1,NBAS,ATP6V1H,ATP6V1B2,ATP6V1C1,PIK3CD,PI4KB,YIPF1,RIN2,HEATR5B,CCDC93,EXOC6,LEPROT,PXK,CMTM6,EPN3,VPS37C,APPL2,VPS53,PPP3CA,LAPTM4B,PPT1,SIRPG,PIP4P2,STAB2,RAB20,SCYL2,EXOC2,PRKCB,PRKCE,BIN3,APOBR,MAPK1,BCAP29,AZU1,SPHK2,VPS35L,CAMK1D,CD177,ERGIC1,PTAFR,PTEN,MIB1,RIC1,PTPN1,DENND1A,PTPRJ,EPS15L1,RAB27A,RAB5C,RALB,RARA,BCL2L1,TRIM27,EXOC4,ROCK1,S100A10,S100A13,SAG,UBE2O,GOLPH3,RBSN,WIPF3,ITSN1,SH3GL1,CREB3L2,SORL1,SPTBN1,SRC,BRAF,STXBP2,TLR4,TRAPPC10,CCR2,VAV2,EZR,LAPTM5,TVP23A,RAB7A,MCTP1,RIN3,SYNDIG1,RUBCNL,RAB11FIP1,RUFY1,PHAF1,CUBN,DNAJC5,SNX27,DYSF,PICALM,TRAPPC9,ITCH,FHIP1B,MYCBPAP,ANKRD27,RAB11FIP4,CUL3,SFT2D3,STON2,PLPP3,MARCO,NRP1,SYNJ2,CPNE1,AP1M1,HPS4,TSPAN18,SPAG9,PSTPIP1,SYNGR1,RAB11B,PDLIM7,MAPKAPK2,STX8,SLC4A8,RPH3AL,SEC24C,CD63,TBC1D5,PLEKHM1,ELMO1,FCHSD2,TBC1D4,RABGAP1L,SEC16A,DOP1B","Sputum_Neutrophilic"
"BP","positive regulation of immune response",719,111,0.000191898448470085,0.094797833544222,"RASGRP1,TNIP1,NOD1,VAV3,LILRB1,HHLA2,NLRP3,SLAMF6,CLNK,CLU,SPPL3,CCR7,CREBBP,NEK7,CTLA4,NFAM1,CTSG,CTSS,DAB2IP,AP1G1,DUSP3,ELF1,FCER2,RAB11FIP2,FCHO1,GRAMD4,RFTN1,FPR2,FPR3,LY96,FYB1,FYN,GCSAM,GFI1,FOXP1,TREML4,GRB2,RGCC,TBK1,CD274,HCK,HLA-DQA1,HLA-DRB1,HLA-DRB5,TICAM2,IKBKB,INPP5D,IRAK2,LAMP1,LCK,LGALS3,MIR140,MIR21,MEF2C,MOG,EIF2AK4,NFATC2,NFKB1,P2RX7,PDE4B,PDE4D,PIK3CD,PLA2G4A,RBM47,SHLD2,LAX1,APPL2,PSPC1,LGR4,PRKCB,PRKCE,PRKCH,PRKCZ,PRKDC,MAPK1,CRTAM,SPHK2,CD177,PELI1,PTAFR,WDFY1,PTPRJ,NLRC4,RARA,BCL2,SRC,BRAF,STAT5B,TLR4,C1QB,TRAF2,TRAF3,CCR2,VAV2,EZR,NSD2,XRCC5,LAPTM5,NLRX1,ATAT1,ITCH,RNF135,ZNRF1,OASL,BCL10,KLHL6,TRIM15,MAPKAPK2,CD86,AIM2,CD38,CD59,TESPA1","Sputum_Neutrophilic"
"BP","defense response to other organism",1189,149,0.000200853051065835,0.0971103134557452,"TRIM10,RASGRP1,OPTN,TNIP1,NOD1,ADARB1,TRIM38,TRAF3IP2,ZMYND11,LILRB1,RIPK3,VPS26B,LYST,NLRP3,SLAMF6,CLNK,CLU,RNASE11,IL31RA,CREBBP,NEK7,SIRPA,CTSG,CTSS,DAB2IP,DAPK1,AP1G1,DEFA4,CLEC4C,MLKL,AKT1,F12,RAB11FIP2,TRIM35,TAB2,GRAMD4,RFTN1,COTL1,FPR2,CDC42EP4,LY96,FYN,LYG2,SERINC5,TRAF3IP1,GFI1,FOXP1,CRCP,CCDC88B,GPER1,TREML4,SETD2,TBK1,GSN,ZDHHC1,HCK,HK1,RBPJ,TICAM2,IKBKB,IL7R,IRAK2,IRF2,JAK1,ARG1,CCL4L1,LAMP1,LCK,LCN2,LGALS3,LPO,MIR140,MIR21,MAP3K5,MPO,EIF2AK4,MIAT,TARM1,MYO1C,NCF2,NEDD4,NFKB1,RNASE12,P2RX7,PLAC8,PIK3CD,TRIM34,ACP5,RNF216,RBM47,APPL2,PSPC1,LGR4,PRB3,STAB2,RAB20,PRKCE,PRKDC,DNAJC3,CRTAM,AZU1,SLAMF8,CD177,PELI1,WDFY1,PTPN1,NLRC4,RAB27A,BCL2,BCL2L1,TRIM27,S100A9,S100A12,CCL18,LYPD8,SKP2,SLPI,CHID1,SRC,SRPK1,STAT5B,ADAM17,TLR4,C1QB,TRAF2,TRAF3,UBA7,XRCC5,YWHAZ,TRIM26,NLRX1,ZDHHC11,ATAT1,CCDC92,AKAP1,TRIM7,ITCH,ZDHHC18,RNF135,ZNRF1,RNASET2,OASL,MARCO,BCL10,TRIM15,PSTPIP1,CD6,MAPKAPK2,AIM2,LY86,STX8,CD58,HDAC4","Sputum_Neutrophilic"
"BP","positive regulation of immune system process",1044,155,0.000221993428319399,0.103345585821703,"RASGRP1,ADAM10,TNIP1,NOD1,VAV3,LILRB1,HHLA2,NLRP3,SLAMF6,CLNK,CLU,SPPL3,CCR6,CCR7,PPARGC1B,CREB1,CREBBP,NEK7,SIRPA,CTLA4,NFAM1,CTSG,CTSS,DAB2IP,AP1G1,DUSP3,ANO6,ELF1,AKT1,PTK2B,FCER2,RAB11FIP2,ACIN1,FCHO1,GRAMD4,RFTN1,FPR2,FPR3,LY96,FYB1,FYN,GCSAM,IL4I1,GFI1,FOXP1,STK39,CCDC88B,TREML4,GRB2,RGCC,TBK1,CD274,HCK,HK1,HLA-DQA1,HLA-DRB1,HLA-DRB5,APP,TICAM2,IKBKB,IL2RA,IL7R,INPP5D,IRAK2,ITPKB,ARG1,LAMP1,LCK,LGALS1,LGALS3,RHOH,MYO18A,MIR140,MIR145,MIR21,MEF2C,MOG,EIF2AK4,NEDD9,NFATC2,NFKB1,P2RX7,PDE4B,PDE4D,PIK3CD,PLA2G4A,RBM47,SHLD2,LAX1,PBRM1,APPL2,PSPC1,PPP3CA,LGR4,SIRPG,PRKCB,PRKCE,PRKCH,PRKCZ,PRKDC,MAPK1,CRTAM,SPHK2,CAMK1D,CD177,PELI1,ZMIZ1,PTAFR,ARID1B,RPTOR,WDFY1,PTPRJ,NLRC4,RARA,BCL2,BCL6,VSIR,SMARCA2,SMARCC1,SMARCD1,SRC,BRAF,STAT5B,STXBP2,ADAM17,TLR4,C1QB,TRAF2,TRAF3,CCR2,VAV2,EZR,NSD2,XRCC5,LAPTM5,NLRX1,ATAT1,PDGFD,SLC7A5,DCSTAMP,DOCK8,ITCH,RNF135,NCK2,ZNRF1,RUNX1,OASL,RUNX3,BCL10,KLHL6,TRIM15,CD6,MAPKAPK2,CD86,AIM2,CD38,CD59,TOX,TESPA1","Sputum_Neutrophilic"
"BP","negative regulation of leukocyte cell-cell adhesion",151,30,0.000222845172736465,0.103345585821703,"GPNMB,LILRB1,CTLA4,CTSG,DLG1,DUSP3,AKT1,SCRIB,IL4I1,CD274,HLA-DRB1,IL2RA,ARG1,LGALS3,MIR21,SMAD7,TARM1,LAX1,PAG1,CRTAM,PELI1,BCL6,VSIR,MARCHF7,LAPTM5,ITCH,MAD1L1,ADTRP,RUNX1,RUNX3,CD86","Sputum_Neutrophilic"
"CC","immunological synapse",45,16,0.000277055730576602,0.125916288432454,"VAV3,DLG1,DUSP3,SCRIB,IL4I1,NPTN,HLA-DRB1,LCK,LGALS3,RHOH,MYH9,NEDD9,CRTAM,PTPRJ,EZR,SNX27,BCL10,CD6","Sputum_Neutrophilic"
"CC","vacuolar lumen",175,36,0.000321201049960584,0.143117110966751,"GPC6,PADI2,TPP1,CSF3,CTSB,CTSG,CTSS,DYNC1H1,FMOD,PLD3,FTL,GCA,GALC,GALNS,GDI2,GLB1,GM2A,GNS,GYG1,ANXA2,HEXA,HEXB,ARG1,ARSB,MAN2B1,MPO,PLAC8,CPPED1,PPT1,MAPK1,DNAJC3,AZU1,PSAP,RETN,CHID1,CUBN,RNASET2","Sputum_Neutrophilic"
"BP","vesicle-mediated transport to the plasma membrane",149,37,0.000376150139872258,0.160860038024473,"OPTN,RAB31,OSBPL5,VTI1A,VPS13B,CNST,RAB12,EPS15,ACSL3,LMTK2,INPP5F,EXOC6B,VPS39,MACF1,SCRIB,GGA1,ATP2C1,ANK3,CCDC93,EXOC6,CMTM6,VPS53,EXOC2,VPS35L,DENND1A,EXOC4,GOLPH3,WIPF3,SORL1,SPTBN1,RAB7A,PHAF1,SNX27,ANKRD27,RAB11FIP4,RAB11B,SEC16A","Sputum_Neutrophilic"
"BP","regulation of cell morphogenesis",247,61,0.000382558464265426,0.160860038024473,"PLXNC1,DLC1,CFDP1,BAIAP2,CDC42EP3,GNA13,FMNL2,ARAP1,PDZD8,FGD4,CUX1,SH3D19,PRAG1,DLG1,AGO4,PTK2B,PLXND1,EPB41L3,KANK1,CYFIP1,NEDD4L,MACF1,CDC42EP4,CORO1C,FYN,GNA12,ARHGAP35,HCK,HEXB,MIR21,MKLN1,PALM2AKAP2,MYH9,MYH10,ITSN2,PALM,PRKN,BCL11A,PLXNA2,PLXNB1,PHIP,ARHGAP15,PRKDC,SMURF1,ATP10A,CPNE5,RREB1,SEMA4A,SRC,EZR,FMNL1,ANKRD27,NTNG2,ARHGEF7,LIMD1,SPAG9,ZMYM4,CPNE6,ARHGAP18,NHERF1,CD44,SLC23A2","Sputum_Neutrophilic"
"BP","establishment of lymphocyte polarity",16,9,0.000387195139532709,0.160860038024473,"TRAF3IP2,CCR7,DOCK2,SCRIB,GSN,MYH9,CRTAM,SNX27,DOCK8","Sputum_Neutrophilic"
"BP","regulation of leukocyte activation",593,96,0.000396393470438232,0.160860038024473,"RASGRP1,VAV3,GPNMB,MERTK,LILRB1,RIPK3,HHLA2,NLRP3,CLNK,CCR7,IL31RA,SIRPA,CTLA4,NFAM1,CTSG,AP1G1,DLG1,DUSP3,AKT1,FCHO1,SCRIB,FYN,IL4I1,CCDC88B,GPER1,CD274,HLA-DQA1,HLA-DRB1,HLA-DRB5,TICAM2,IL2RA,IL7R,TNFRSF9,INHBA,INPP5D,ITPKB,ARG1,LAMP1,LCK,LGALS1,LGALS3,RHOH,MYO18A,MIR145,MIR185,MIR21,SMAD7,MEF2C,TARM1,NEDD9,NFATC2,PLA2G4A,SHLD2,LAX1,PBRM1,PPP3CA,SIRPG,PAG1,PRKCZ,PRKDC,CRTAM,SLAMF8,SPHK2,CD177,PELI1,ZMIZ1,PTAFR,ARID1B,RARA,BCL2,BCL6,BID,SAMSN1,VSIR,MARCHF7,SMARCA2,SMARCC1,SMARCD1,SRC,BRAF,STAT5B,STXBP2,TLR4,TNFRSF1B,CCR2,NSD2,LAPTM5,DOCK8,RASSF5,ITCH,MAD1L1,NCK2,CST7,RUNX1,RUNX3,BCL10,CD6,CD86,CD38,TOX,TESPA1","Sputum_Neutrophilic"
"BP","mononuclear cell migration",204,38,0.000397501851934616,0.160860038024473,"ADAM10,RIPK3,PADI2,JAML,CCR6,CCR7,SIRPA,CTSG,ANO6,AKT1,EXT1,PTK2B,LRCH1,FLT1,PLCB1,FPR2,ALOX5,GCSAM,STK39,APP,ITGAL,CCL4L1,LGALS3,NEDD9,PIK3CD,PLEC,MAPK1,CRTAM,SLAMF8,PTPRO,S100A12,CCL18,STK10,ADAM17,TRPM2,CCR2,PDGFD,DOCK8,ADTRP,TNFRSF11A","Sputum_Neutrophilic"
"BP","intracellular signal transduction",2684,401,0.000403495078656705,0.160860038024473,"PDCD6,SH2D3C,SGK2,RAD50,HIPK3,CDH13,RASGRP1,TRAP1,OPTN,SORBS3,TNK2,RAMP3,TNIP1,IRAG1,NOD1,DLC1,NDRG1,VAV3,GPNMB,MERTK,ZNHIT1,TRIM38,ARFGEF1,CDC42EP3,STAMBP,IVNS1ABP,CAMKK2,CXCR6,GNA13,TRAF3IP2,ZMYND11,NEK6,ADCY3,SUB1,RIPK3,FOXN3,CHI3L1,MAP4K5,AKAP13,CHN2,CHRM3,NLRP3,ADCY9,CLNK,ARAP1,CLU,FGD4,SPPL3,SLC24A4,CCR6,CCR7,IL31RA,CREB1,CREBBP,ASB7,SIRPA,CSF3,NFAM1,ZNF385B,DAB2IP,SLC38A9,PRAG1,DAB1,DGKG,DAPK1,DLG1,DOCK1,DOCK2,RCAN1,DUSP3,ADCY4,UBR1,SPRED2,ARHGAP27,RAB12,ENG,CCDC125,ENO1,HIPK1,AKT1,MECOM,F2RL2,PTK2B,FBLN1,UNC5B,TPCN2,SPATA13,ADGRG3,FHIT,RASA3,INPP5F,DENND3,SHANK2,STK38L,TNIK,ERC1,ARHGAP26,RAP1GAP2,TAB2,PASK,RGL1,KANK1,CYFIP1,FLT1,FLT3,RHOBTB2,SIK2,PLCB1,CAMTA1,MCF2L,MGRN1,SZT2,DOCK9,LARP1,SIK3,DDAH1,FPR2,CDC42EP4,NUP62,SH3BP4,PRKD3,FYN,DSTYK,SGMS1,WWTR1,ACOT11,PLEKHG3,MAGI3,AUTS2,FBXO8,GCNT2,LATS2,GDI2,RGL4,AMFR,ATP2C1,DISC1,SESN1,STK39,GNA12,GNB1,RNF149,GPER1,GRB2,GRB10,RAPGEF1,DBNL,ARHGAP35,TBK1,GUCY2C,IL19,HCK,HELLS,HEXA,NRG1,HLA-DRB1,HMGCR,APBB2,IGF1R,IGFBP5,APP,RILPL1,TICAM2,IKBKB,INHBA,INPP5D,IRAK2,ITPKB,ITPR1,JAK1,STIMATE,MAST4,CCL4L1,LCK,LGALS1,LIMS1,RHOH,LRP2,MIR140,MIR145,MIR185,MIR21,ARRB1,SMAD2,SMAD4,SMAD7,MARK3,MBP,MDM4,MEF2C,MAP3K1,MAP3K5,EIF2AK4,TRIM67,MUSK,MYO9B,NEDD4,NFATC1,NFATC2,NFKB1,NGF,NGFR,NOTCH1,NPC1,ATP2A2,P2RX7,P4HB,PEBP1,MINK1,ARHGEF3,PRKN,ASB3,SHISA5,TAOK3,PDE3B,PRKAG2,PDE4D,CXXC5,CAB39,UIMC1,WWOX,INPP5K,MAP3K20,PIK3CD,PI4KA,PI4KB,PLCB4,PLXNB1,TRIM34,RIN2,NSUN2,LAX1,PPM1A,ADISSP,RALGPS2,ARHGEF10L,PPP2R1A,PLEKHG6,FBXW7,PPP3CA,SIRPG,PRKCB,PRKCE,PAG1,PRKCH,ARHGAP15,ASH1L,WSB2,PRKCZ,PRKDC,MAPK1,MAPK6,AZU1,PSEN2,TRIM39,SPHK2,RALGAPB,PELI1,ZMIZ1,RALGAPA2,PTEN,RPTOR,NCEH1,SIPA1L2,PREX1,FNIP2,PTPN1,DENND1A,MEAK7,PTPN7,PTPRJ,ARHGAP22,MOK,RALB,RALGDS,RAP2A,BCL2,BCL2L1,RHEB,AVPI1,BCL6,ROCK1,RPS6KA2,S100A1,S100A9,S100A12,S100A13,CCL18,BID,GOLPH3,BLM,ARHGEF28,SGK1,ITSN1,SIAH1,MARCHF7,SKI,SLA,BMP6,SLC8A1,PHACTR4,SORL1,SPTBN1,SRC,BRAF,SRPK1,STAT3,STK3,TCF7L2,TEAD3,TGFA,TGFB3,TLR4,TNFRSF1B,TP53BP2,TRAF1,TRAF2,TRAF3,TRIO,TRPM2,CCR2,CASTOR2,VAV2,EZR,VRK2,XPC,LDLRAD4,YWHAE,YWHAG,YWHAZ,RELL1,CACNA1C,LAPTM5,RNASEH2B,ARHGAP10,NLRX1,LRRK1,MCTP1,MOB3B,PRR5L,KAT6A,WLS,RUFY1,PDGFD,DUSP16,APOL3,CAMK2D,DOCK8,AXIN1,ARHGAP24,ITCH,MAD1L1,ADGRV1,BCAR3,PPP1R1B,GARNL3,STK24,NCK2,CUL3,CUL1,GPR65,ADTRP,MAP4K3,DOCK7,RUNX2,EIF3A,PEA15,MARCO,CRADD,TNFSF10,TNFRSF11A,NRP1,SYNGAP1,SOCS2,CFLAR,KSR1,ARHGEF7,NAE1,CPNE1,CCNB1,BCL10,TRIM15,LIMD1,SPAG9,DOK2,STARD13,PIP4P1,USP10,MOB1B,MAPKAPK2,ITGB1BP1,ARHGAP18,NHERF1,GRAP2,CD86,GSTO1,AIM2,MAP4K4,EIF2AK3,AKAP7,SH3BP5,BABAM2,CD44,ARHGEF10,PPM1F,DEPDC5,VGLL4,NOS1AP,ARHGEF17,ELMO1,FARP2,SRGAP3,IQSEC1,TNFSF15","Sputum_Neutrophilic"
"CC","organelle membrane",3674,481,0.000419765820486461,0.164461353529902,"PDCD6,CEBPZOS,ABCC5,ABCB6,UST,PYURF,RASGRP1,TRAP1,OPTN,TNK2,ADAM10,NUTF2,EMC8,IRAG1,MICU1,NDRG1,CDS1,GPNMB,SLC25A17,ARFGEF1,IQGAP2,ADCY3,AP3M2,TMED10,LILRB3,RAB31,ADAM30,PLAAT3,MRPL3,GALNT6,MRAP2,CHRM2,CHRM3,MGAT4A,DTX2,NLRP3,SLC25A25,OSBPL5,ARAP1,GALNT15,AP3S1,BORCS5,CLCN6,CLCN7,PDZD8,CLU,SPPL3,TTC8,DRAM2,PIGU,ZFAND2B,SLC31A2,COX10,CPE,GPAT4,LETM2,SIRPA,VTI1A,CSF3R,TMEM120B,CSNK1D,TMEM190,CREB3L4,NFAM1,XXYLT1,CTSZ,SLC38A9,SLC25A48,ABCA13,CYP3A7,VPS13B,CYP19A1,CLEC12A,AP1G1,PRICKLE2,SGMS2,QSOX2,FUT11,CLEC4C,DHODH,DLG1,ANO6,MCEMP1,SPRED2,RAB12,STT3B,SMIM14,ENO1,CERS3,EPS15,SLC36A1,EXT1,ACSL1,ACSL3,TPCN2,MARCHF8,DAGLB,ADGRG3,ZNRF2,FECH,RAB11FIP2,CHSY1,FKBP2,INPP5F,EPN2,TRAK1,SHANK2,CEP131,WDFY3,TMCC1,ERC1,KIF1B,RAP1GAP2,TAB2,GRAMD4,FLT3,RHOBTB2,SIK2,PLCB1,DENND5A,IQCE,SZT2,VPS39,SYNE1,UBR4,ABCA6,TSPAN15,PIGN,FPR2,CORO1C,NUP62,LY96,PLD3,GABARAPL1,ALOX5,CERS6,GALNT2,IFFO1,GALNT3,SGMS1,DHRS7B,GORASP2,OSBPL3,GGA1,ABHD12,INTS1,MYOF,GCNT2,AMFR,ATP2C1,COQ2,ARFIP1,BIN1,GNAI3,GNAQ,GNB1,B4GALNT3,SLC25A42,GPER1,SLC36A3,GRB2,DBNL,CD274,ZDHHC1,GUCY2C,ANXA2,HADHA,ANXA6,HK1,HK2,HLA-DQA1,HLA-DRB1,HLA-DRB5,HMGCR,RAB37,HSD11B1,UBAC2,FMN1,APP,TICAM2,IL7R,INPP4A,AQP7,IRAK2,ITGAL,ITPR1,ITPR2,STIMATE,KCNQ1,TRABD2B,LAIR1,LAMP1,LFNG,LGALS3,MYO18A,LMNA,LRP2,ARRB1,MAN1A1,MAP3K5,MGAT5,MIA2,MITF,TARM1,GALNTL6,MYO1B,ASPH,MSR1,NUDT1,MYO1C,NDUFS6,NDUFV2,SEPTIN2,NOTCH1,NOTCH4,NPC1,ATP2A2,OGDH,OLR1,CHST11,GALNT9,PRKN,ASAP1,ACOX1,TXNDC11,PHF11,SHISA5,PCYT1A,ZDHHC3,SLC25A37,CHST15,SCARA3,ANKFY1,RTCB,TMEM14C,TMEM138,NBAS,ATP6V1H,MRPS23,GALNT7,PEX7,ATP6V1B2,SERPINA1,SERPINB6,ATP6V1C1,PI4KA,PI4KB,PLA2G4A,TM6SF1,PLEC,FXYD3,SLC37A1,YIPF1,POR,CRLS1,LEPROT,PCSK4,PXK,CMTM6,LPCAT2,CLN6,MCUB,MARCHF1,EPN3,PLEKHB2,VPS37C,APPL2,UQCC1,VPS53,SLC29A3,AGPAT5,DRAM1,LAPTM4B,PI4K2A,PIP4P2,GALNT10,STAB2,ZDHHC7,RAB20,SCYL2,ERMARD,CSGALNACT1,TEX2,TMEM165,BCAP29,LRRC8A,AZU1,PSAP,PSEN2,SPHK2,AGPAT3,AGPAT4,NCLN,VPS35L,CD177,MAN1C1,LDAF1,ATP10A,ATP8B2,ERGIC1,PTAFR,RHBDD2,RPTOR,ELAPOR1,SORCS2,NCEH1,RIC1,FNIP2,DHX37,PTPN1,DENND1A,MEAK7,ZFYVE28,PTPRJ,PTPRN2,PEX5,RAB27A,RAB5C,RAP2A,TMEM35A,RDH5,BCL2,BCL2L1,TRIM27,RHEB,ELOVL5,CYB5RL,ROCK1,BDH1,RRBP1,CLIP1,RYR1,BID,SDHA,THADA,SLC17A9,NECAB3,SELL,GOLPH3,XYLT1,RBSN,DNAJC1,MMP25,TMEM168,SGK1,SH3GL1,MTARC1,CREB3L2,LMF1,ST6GAL1,ST3GAL3,SLC2A5,SLC6A9,SLC9A3,SLN,SNTB2,SORL1,SRC,STK10,BSG,ADAM17,TAFAZZIN,TBXAS1,TGFA,SEC62,TLR4,TNFRSF1B,TRAF2,TRPM2,TYMS,TYRP1,UBE2D3,VRK2,LDLRAD4,LAPTM5,RAB7A,AHNAK,PRRG4,GALNT14,NLRX1,ZDHHC14,GALNT12,MCTP1,CLMN,ALG9,ZDHHC11,LPCAT1,ATP8B4,KIAA0319L,SYNDIG1,SCD5,WLS,UXS1,RUBCNL,RAB11FIP1,RUFY1,PHAF1,CUBN,FER1L4,PDGFD,DNAJC5,SLC25A32,SLC7A5,DCSTAMP,SNX27,TMEM163,AKAP1,VMP1,CAMK2D,CAMK2G,SBF2,DYSF,ADPGK,GSG1,ITCH,B3GNT5,MYCBPAP,ANKRD27,ZDHHC18,STK24,NCK2,RAB11FIP4,DCTN5,TPST2,TNRC18,CRACR2A,PLPP7,SLC49A4,ZNRF1,PIGY,ABCC11,STON2,LGR5,SLC25A12,PLPP3,TNKS,MARCO,B3GALT1,CDS2,NRP1,PROM1,KSR1,ASAP2,CPNE1,AP1M1,HPS4,NAV3,MVB12B,TM4SF5,PKD2L1,SPAG9,STARD13,PIP4P1,SYNGR1,LARGE1,RAB11B,PXYLP1,DHRS3,MS4A3,B4GALT5,TM9SF2,NRXN1,SFXN1,SFXN5,EIF2AK3,SH3BP5,CHST3,PIGL,SLC4A8,RPH3AL,CD44,ABCG1,NUP155,SEC24C,CLCA2,CD58,CD59,LPIN2,CD63,DEPDC5,NOS1AP,TMEM63A,LAPTM4A,PHACTR2,TBC1D5,RNF144A,TESPA1,PLEKHM1,SEC16A,HS3ST3B1,DOP1B","Sputum_Neutrophilic"
"BP","regulation of T cell activation",378,67,0.000430150478533188,0.165113950427124,"RASGRP1,GPNMB,LILRB1,RIPK3,HHLA2,NLRP3,CCR7,SIRPA,CTLA4,CTSG,DLG1,DUSP3,AKT1,FCHO1,SCRIB,FYN,IL4I1,CCDC88B,CD274,HLA-DQA1,HLA-DRB1,HLA-DRB5,IL2RA,IL7R,TNFRSF9,ITPKB,ARG1,LCK,LGALS1,LGALS3,RHOH,MIR21,SMAD7,TARM1,LAX1,PBRM1,PPP3CA,SIRPG,PAG1,PRKCZ,CRTAM,PELI1,ZMIZ1,ARID1B,RARA,BCL6,BID,VSIR,MARCHF7,SMARCA2,SMARCC1,SMARCD1,SRC,BRAF,STAT5B,TNFRSF1B,CCR2,LAPTM5,DOCK8,ITCH,MAD1L1,NCK2,RUNX1,RUNX3,BCL10,CD6,CD86,TOX,TESPA1","Sputum_Neutrophilic"
"BP","import into cell",928,164,0.000435963607887143,0.165113950427124,"CDH13,TNK2,RAMP2,RAMP3,VAV3,MERTK,LILRB1,AP3M2,SLC38A3,RAB31,LYST,AP3S1,CLU,SLC24A4,SLC43A2,SIRPA,CSNK1D,CSNK1E,GSG1L,ABCA13,GRK2,GRK3,AP1G1,DLG1,DOCK1,DOCK2,ANO6,ARHGAP27,EPS15,SLC36A1,AKT1,ACSL1,ACSL3,TPCN2,FCER2,RAB11FIP2,AAK1,INPP5F,EPN2,FNBP1,TBC1D2B,FCHO1,RHOBTB2,NEDD4L,SYNE1,SCRIB,FPR2,CORO1C,SH3BP4,FYN,HEATR5A,DNM3,GAPVD1,BIN1,CLEC9A,SLC9C2,SCARA5,GRB2,DBNL,GSN,ANXA2,HCK,APP,TICAM2,ITGAL,ATP9B,KCNQ1,SLC9A4,XKR5,LEPR,LGALS3,LGALS3BP,MYO18A,LRP2,LRP3,MIR185,ARRB1,MKLN1,MSR1,MYH9,MYO1E,NCF2,NEDD4,NPC1,OLR1,P2RX7,ITSN2,PRKN,SCARA3,ANKFY1,ATP6V1H,PI4KB,RIN2,HEATR5B,EPN3,APPL2,PPP3CA,PPT1,SIRPG,PIP4P2,STAB2,RAB20,SCYL2,PRKCE,BIN3,APOBR,MAPK1,LRRC8A,AZU1,CAMK1D,CD177,MIB1,PTPN1,DENND1A,PTPRJ,EPS15L1,RAB27A,RAB5C,RALB,RARA,BCL2L1,ROCK1,SAG,SCN8A,ITSN1,SH3GL1,SLC1A2,SLC1A7,SLC2A5,SLC6A9,SLC8A1,SLC9A3,SLC34A1,SLC19A1,SORL1,SRC,TLR4,TRPM2,CCR2,VAV2,EZR,CACNA1A,CACNA1C,CACNA1D,RAB7A,MCTP1,RIN3,RUFY1,CUBN,SLC7A5,SLC38A1,DYSF,PICALM,ITCH,MYCBPAP,SLC12A8,STON2,MARCO,SYNJ2,CACNA1H,PSTPIP1,PDLIM7,MAPKAPK2,CD63,TBC1D5,ELMO1,FCHSD2,RABGAP1L,SLC12A6","Sputum_Neutrophilic"
"BP","immune response-activating cell surface receptor signaling pathway",294,56,0.000458510292830751,0.170806358922721,"VAV3,HHLA2,SPPL3,CCR7,CREBBP,CTLA4,NFAM1,DAB2IP,DUSP3,ELF1,RAB11FIP2,FCHO1,RFTN1,FPR2,FPR3,LY96,FYB1,FYN,GCSAM,FOXP1,GRB2,HCK,HLA-DRB1,TICAM2,IKBKB,INPP5D,IRAK2,LCK,LGALS3,MIR140,MEF2C,MOG,NFATC2,NFKB1,PDE4B,PDE4D,PIK3CD,LAX1,APPL2,PRKCB,PRKCE,PRKCH,MAPK1,PELI1,WDFY1,PTPRJ,BCL2,SRC,BRAF,TLR4,VAV2,EZR,LAPTM5,ZNRF1,BCL10,KLHL6,CD38,TESPA1","Sputum_Neutrophilic"
"CC","melanosome",112,28,0.000507462064585915,0.180983288375241,"ABCB6,GPNMB,GNA13,TMED10,TPP1,CTSB,AHCY,TPCN2,MYRIP,SND1,ANXA2,ANXA6,LAMP1,MYH11,MYO5A,P4HB,ATP6V1B2,RAB27A,RAB5C,BSG,TYRP1,YWHAE,YWHAZ,RAB7A,DNAJC5,CAPG,ANKRD27,HPS4,SYNGR1,CD63","Sputum_Neutrophilic"
"CC","pigment granule",112,28,0.000507462064585915,0.180983288375241,"ABCB6,GPNMB,GNA13,TMED10,TPP1,CTSB,AHCY,TPCN2,MYRIP,SND1,ANXA2,ANXA6,LAMP1,MYH11,MYO5A,P4HB,ATP6V1B2,RAB27A,RAB5C,BSG,TYRP1,YWHAE,YWHAZ,RAB7A,DNAJC5,CAPG,ANKRD27,HPS4,SYNGR1,CD63","Sputum_Neutrophilic"
"CC","tertiary granule membrane",73,18,0.000509722340081649,0.180983288375241,"ADAM10,SIRPA,CLEC12A,CLEC4C,ANO6,MCEMP1,UBR4,FPR2,LAIR1,TARM1,OLR1,SERPINB6,CD177,PTAFR,TRPM2,ATP8B4,CD59,TMEM63A","Sputum_Neutrophilic"
"BP","immune response-regulating cell surface receptor signaling pathway",322,59,0.000522579647929548,0.18269384491617,"VAV3,LILRB1,HHLA2,SPPL3,CCR7,CREBBP,CTLA4,NFAM1,DAB2IP,DUSP3,ELF1,FCER2,RAB11FIP2,FCHO1,RFTN1,FPR2,FPR3,LY96,FYB1,FYN,GCSAM,FOXP1,GRB2,HCK,HLA-DRB1,TICAM2,IKBKB,INPP5D,IRAK2,LCK,LGALS3,MIR140,MEF2C,MAP3K1,MOG,NFATC2,NFKB1,PDE4B,PDE4D,PIK3CD,LAX1,APPL2,PRKCB,PRKCE,PRKCH,MAPK1,PELI1,WDFY1,PTPRJ,BCL2,SRC,BRAF,TLR4,VAV2,EZR,LAPTM5,ZNRF1,BCL10,KLHL6,CD38,TESPA1","Sputum_Neutrophilic"
"BP","regulation of leukocyte cell-cell adhesion",379,66,0.000541203391651727,0.186337967755967,"RASGRP1,GPNMB,LILRB1,HHLA2,NLRP3,CCR7,SIRPA,CTLA4,CTSG,DLG1,DUSP3,AKT1,ETS1,FCHO1,SCRIB,ALOX5,FYN,IL4I1,CCDC88B,CD274,HLA-DQA1,HLA-DRB1,HLA-DRB5,IL2RA,IL7R,ITPKB,ARG1,LCK,LGALS1,LGALS3,RHOH,MIR21,SMAD7,TARM1,LAX1,PBRM1,PPP3CA,SIRPG,PAG1,PRKCZ,CRTAM,PELI1,ZMIZ1,PTAFR,ARID1B,RARA,BCL6,VSIR,MARCHF7,SMARCA2,SMARCC1,SMARCD1,SRC,STAT5B,CCR2,LAPTM5,DOCK8,ITCH,MAD1L1,NCK2,ADTRP,RUNX1,RUNX3,BCL10,CD6,CD86,CD44,TESPA1","Sputum_Neutrophilic"
"MF","polypeptide N-acetylgalactosaminyltransferase activity",19,10,0.000576727227571603,0.195605216706524,"GALNT6,GALNT15,GALNT2,GALNT3,GALNTL6,GALNT9,GALNT7,GALNT10,GALNT14,GALNT12","Sputum_Neutrophilic"
