"seed","nclass","BIC","AIC"
1,2,8041.72412898032,7942.71857836434
1,3,7683.7683650605,7532.65462990981
1,4,7567.46411670087,7364.24219701545
1,5,7530.76881501512,7275.43871079498
1,6,7561.34474509014,7253.90645633528
1,7,7629.20987965819,7269.66340636861
1,8,7700.63308322271,7288.97842539841
1,9,7771.65239484982,7307.88955249079
1,10,7843.63721126341,7327.76618436966
1,11,7915.74600346832,7347.76679203985
1,12,7987.85358032726,7367.76618436407
2,2,8041.72412898032,7942.71857836434
2,3,7683.76836523558,7532.65463008489
2,4,7567.46411670085,7364.24219701543
2,5,7530.76881501522,7275.43871079508
2,6,7561.34567981475,7253.90739105989
2,7,7629.30227711188,7269.75580382229
2,8,7700.42589255879,7288.77123473448
2,9,7773.12886656184,7309.36602420282
2,10,7843.74670082448,7327.87567393073
2,11,7915.7453958013,7347.76618437283
2,12,7987.85358032954,7367.76618436635
3,2,8041.72412898032,7942.71857836434
3,3,7683.76836510462,7532.65462995393
3,4,7567.46411670073,7364.24219701531
3,5,7530.76881501507,7275.43871079493
3,6,7561.71735255053,7254.27906379567
3,7,7628.71637145402,7269.16989816443
3,8,7699.57524752304,7287.92058969874
3,9,7771.71712925676,7307.95428689774
3,10,7843.63845290674,7327.76742601299
3,11,7915.7453970039,7347.76618557543
3,12,7987.85358035223,7367.76618438903
4,2,8041.72412898032,7942.71857836434
4,3,7683.76836510292,7532.65462995222
4,4,7567.46411670115,7364.24219701573
4,5,7530.7688150156,7275.43871079546
4,6,7561.34474200427,7253.90645324941
4,7,7629.19826152781,7269.65178823823
4,8,7700.65672308851,7289.00206526421
4,9,7771.83839828483,7308.0755559258
4,10,7843.64007686079,7327.76904996704
4,11,7915.75242238776,7347.77321095928
4,12,7987.85358032661,7367.76618436342
5,2,8041.72412898032,7942.71857836434
5,3,7683.7683651147,7532.654629964
5,4,7567.46411670129,7364.24219701587
5,5,7530.76881501559,7275.43871079545
5,6,7561.34473796515,7253.90644921028
5,7,7628.64528883286,7269.09881554328
5,8,7700.43427829099,7288.77962046669
5,9,7771.64176780515,7307.87892544613
5,10,7843.64792206007,7327.77689516632
5,11,7915.74539579593,7347.76618436746
5,12,7987.85358031957,7367.76618435637
6,2,8041.72412898032,7942.71857836434
6,3,7683.76836506124,7532.65462991054
6,4,7567.46411670084,7364.24219701542
6,5,7598.04004269836,7342.70993847822
6,6,7602.87699955013,7295.43871079527
6,7,7628.76498128561,7269.21850799602
6,8,7699.63533966493,7287.98068184063
6,9,7771.84221485998,7308.07937250095
6,10,7843.64746858849,7327.77644169474
6,11,7915.74539579356,7347.76618436508
6,12,7987.85358032575,7367.76618436255
7,2,8041.72412898032,7942.71857836434
7,3,7683.76836509706,7532.65462994637
7,4,7567.46411670111,7364.24219701569
7,5,7530.76881501567,7275.43871079553
7,6,7561.34483566822,7253.90654691336
7,7,7629.28924839797,7269.74277510838
7,8,7699.57064734003,7287.91598951572
7,9,7771.71096939575,7307.94812703672
7,10,7843.63723874235,7327.7662118486
7,11,7916.2687073044,7348.28949587593
7,12,7987.85358032389,7367.76618436069
8,2,8041.72412898032,7942.71857836434
8,3,7683.76836509842,7532.65462994773
8,4,7567.46411670081,7364.24219701539
8,5,7530.76881501534,7275.4387107952
8,6,7561.34611348958,7253.90782473472
8,7,7628.6631613104,7269.11668802082
8,8,7700.59026308464,7288.93560526033
8,9,7771.58946749163,7307.8266251326
8,10,7843.6372427535,7327.76621585975
8,11,7915.74539580349,7347.76618437501
8,12,7987.85358032828,7367.76618436508
9,2,8041.72412898032,7942.71857836434
9,3,7683.76836536732,7532.65463021662
9,4,7567.46411670101,7364.24219701559
9,5,7530.76881501505,7275.43871079492
9,6,7561.34473842754,7253.90644967268
9,7,7629.28068444097,7269.73421115138
9,8,7701.04044401991,7289.38578619561
9,9,7771.52974435178,7307.76690199275
9,10,7843.63721162756,7327.76618473381
9,11,7915.74539581677,7347.7661843883
9,12,7987.85358033286,7367.76618436966
10,2,8041.72412898032,7942.71857836434
10,3,7683.76836514999,7532.6546299993
10,4,7567.46411670088,7364.24219701547
10,5,7530.7688150151,7275.43871079496
10,6,7561.34612608286,7253.907837328
10,7,7628.64778158571,7269.10130829613
10,8,7699.67483680484,7288.02017898053
10,9,7771.70025634256,7307.93741398354
10,10,7843.64924628308,7327.77821938934
10,11,7915.8097737255,7347.83056229703
10,12,7987.85358032665,7367.76618436346
11,2,8041.72412898032,7942.71857836434
11,3,7683.76836512161,7532.65462997091
11,4,7567.46411670117,7364.24219701575
11,5,7530.76881501524,7275.4387107951
11,6,7561.49928595282,7254.06099719796
11,7,7629.22223475963,7269.67576147005
11,8,7701.0568252488,7289.4021674245
11,9,7771.8720566942,7308.10921433517
11,10,7843.78272497835,7327.9116980846
11,11,7915.76150071626,7347.78228928779
11,12,7987.85358034401,7367.76618438082
12,2,8041.72412898032,7942.71857836434
12,3,7683.76836655893,7532.65463140823
12,4,7567.46411670086,7364.24219701545
12,5,7530.76881501514,7275.43871079501
12,6,7561.3461879378,7253.90789918294
12,7,7628.66236551747,7269.11589222789
12,8,7700.42385126346,7288.76919343915
12,9,7771.72865810906,7307.96581575004
12,10,7843.64972575048,7327.77869885673
12,11,7915.77503258974,7347.79582116127
12,12,7987.85358032169,7367.7661843585
13,2,8041.72412898032,7942.71857836434
13,3,7683.7683652764,7532.6546301257
13,4,7567.46411670122,7364.2421970158
13,5,7530.76881501511,7275.43871079497
13,6,7602.87699955031,7295.43871079545
13,7,7628.5242718179,7268.97779852832
13,8,7699.73714084278,7288.08248301847
13,9,7771.52959020889,7307.76674784987
13,10,7843.64412222708,7327.77309533333
13,11,7915.74539579455,7347.76618436608
13,12,7987.85358033113,7367.76618436793
14,2,8041.72412898032,7942.71857836434
14,3,7683.76836507199,7532.65462992129
14,4,7567.46411670121,7364.24219701579
14,5,7530.76881501512,7275.43871079498
14,6,7561.34474316145,7253.90645440659
14,7,7628.6621259642,7269.11565267462
14,8,7700.4205953083,7288.76593748399
14,9,7772.55310881139,7308.79026645236
14,10,7843.63721125522,7327.76618436147
14,11,7915.75648208536,7347.77727065688
14,12,7987.85358032631,7367.76618436312
15,2,8041.72412898032,7942.71857836434
15,3,7683.76836553569,7532.65463038499
15,4,7567.46411670137,7364.24219701595
15,5,7530.76881501565,7275.43871079551
15,6,7561.34475194123,7253.90646318636
15,7,7629.20889772443,7269.66242443484
15,8,7700.44874511345,7288.79408728914
15,9,7771.52997666365,7307.76713430463
15,10,7843.64255818588,7327.77153129213
15,11,7915.81260412155,7347.83339269308
15,12,7987.85358957733,7367.76619361414
16,2,8041.72412898032,7942.71857836434
16,3,7683.76836510227,7532.65462995158
16,4,7567.46411670091,7364.2421970155
16,5,7530.76881501531,7275.43871079517
16,6,7561.34604672019,7253.90775796533
16,7,7628.68235227891,7269.13587898933
16,8,7700.63255585835,7288.97789803404
16,9,7771.86098371305,7308.09814135402
16,10,7844.15701578087,7328.28598888712
16,11,7915.74539579066,7347.76618436218
16,12,7987.85358032294,7367.76618435975
17,2,8041.72412898032,7942.71857836434
17,3,7683.76836518275,7532.65463003206
17,4,7567.46411670055,7364.24219701514
17,5,7530.76881501519,7275.43871079506
17,6,7561.34473805258,7253.90644929772
17,7,7628.65521629505,7269.10874300547
17,8,7699.56642930816,7287.91177148385
17,9,7771.65850809239,7307.89566573337
17,10,7844.63147958983,7328.76045269608
17,11,7915.90622503502,7347.92701360655
17,12,7987.85358032073,7367.76618435754
18,2,8041.72412898032,7942.71857836434
18,3,7683.76836527449,7532.6546301238
18,4,7567.46411670093,7364.24219701551
18,5,7530.76881501505,7275.43871079492
18,6,7561.71795996688,7254.27967121202
18,7,7628.64547234068,7269.09899905109
18,8,7699.72127528281,7288.06661745851
18,9,7771.54193808032,7307.77909572129
18,10,7843.63745899022,7327.76643209646
18,11,7915.745395794,7347.76618436553
18,12,7987.85358033502,7367.76618437182
19,2,8041.72412898032,7942.71857836434
19,3,7683.76836525785,7532.65463010715
19,4,7567.46411670097,7364.24219701555
19,5,7530.76881501548,7275.43871079534
19,6,7561.34612634221,7253.90783758735
19,7,7629.22086597729,7269.67439268771
19,8,7700.76952431429,7289.11486648998
19,9,7771.65189570957,7307.88905335054
19,10,7843.70790222476,7327.83687533101
19,11,7915.74539578898,7347.76618436051
19,12,7987.8535803243,7367.76618436111
20,2,8041.72412898032,7942.71857836434
20,3,7683.76836506193,7532.65462991124
20,4,7567.46411670102,7364.24219701561
20,5,7530.76881501564,7275.43871079551
20,6,7561.71714408973,7254.27885533486
20,7,7629.30148283929,7269.75500954971
20,8,7699.5869018691,7287.93224404479
20,9,7771.53074351038,7307.76790115135
20,10,7843.63721127067,7327.76618437692
20,11,7916.09685909959,7348.11764767112
20,12,7987.85358035349,7367.76618439029
21,2,8041.72412898032,7942.71857836434
21,3,7683.76836531865,7532.65463016795
21,4,7567.46411670128,7364.24219701586
21,5,7530.76881501521,7275.43871079507
21,6,7561.34473791133,7253.90644915647
21,7,7628.65035781252,7269.10388452294
21,8,7699.62018016531,7287.96552234101
21,9,7771.69715469418,7307.93431233515
21,10,7843.63721125547,7327.76618436172
21,11,7915.87470662824,7347.89549519977
21,12,7987.8535803289,7367.76618436571
22,2,8041.72412898032,7942.71857836434
22,3,7683.76836508202,7532.65462993133
22,4,7567.46411670112,7364.2421970157
22,5,7530.76881501537,7275.43871079524
22,6,7561.346124014,7253.90783525914
22,7,7628.65553758214,7269.10906429255
22,8,7700.58549434919,7288.93083652489
22,9,7771.80544687649,7308.04260451746
22,10,7843.6374145958,7327.76638770205
22,11,7915.74550180151,7347.76629037304
22,12,7987.85358032399,7367.7661843608
23,2,8041.72412898032,7942.71857836434
23,3,7683.76836506187,7532.65462991117
23,4,7647.07306348836,7443.85114380294
23,5,7530.7688150152,7275.43871079506
23,6,7561.34473961092,7253.90645085606
23,7,7628.67157874906,7269.12510545948
23,8,7699.71088023443,7288.05622241012
23,9,7772.55894297693,7308.7961006179
23,10,7843.88772009601,7328.01669320226
23,11,7915.74579406469,7347.76658263621
23,12,7987.93703752553,7367.84964156233
24,2,8041.72412898032,7942.71857836434
24,3,7683.76836510419,7532.65462995349
24,4,7567.46411670122,7364.2421970158
24,5,7530.76881501491,7275.43871079477
24,6,7561.34500880035,7253.90672004549
24,7,7628.52428172909,7268.97780843951
24,8,7699.68786534447,7288.03320752017
24,9,7771.5290267259,7307.76618436687
24,10,7843.85661176677,7327.98558487302
24,11,7915.74539578754,7347.76618435907
24,12,7987.85358034194,7367.76618437875
25,2,8041.72412898032,7942.71857836434
25,3,7683.76836510121,7532.65462995052
25,4,7567.46411670097,7364.24219701556
25,5,7530.76881501599,7275.43871079585
25,6,7602.87699955078,7295.43871079592
25,7,7629.19589817033,7269.64942488074
25,8,7699.58782205416,7287.93316422986
25,9,7771.70295812957,7307.94011577055
25,10,7843.6416039219,7327.77057702815
25,11,7915.74680427804,7347.76759284957
25,12,7987.85358032383,7367.76618436063
26,2,8041.72412898032,7942.71857836434
26,3,7683.76836509874,7532.65462994805
26,4,7567.46411670121,7364.24219701579
26,5,7530.76881501521,7275.43871079507
26,6,7561.34479319786,7253.90650444299
26,7,7628.52480138753,7268.97832809794
26,8,7700.41510610519,7288.76044828088
26,9,7771.53797638975,7307.77513403072
26,10,7843.83309929476,7327.96207240101
26,11,7915.74539579043,7347.76618436196
26,12,7987.85358032262,7367.76618435942
27,2,8041.72412898032,7942.71857836434
27,3,7683.76836526423,7532.65463011354
27,4,7567.46411670117,7364.24219701575
27,5,7530.76881501546,7275.43871079532
27,6,7561.34474142591,7253.90645267104
27,7,7629.25736036437,7269.71088707478
27,8,7699.62034956805,7287.96569174374
27,9,7771.52902671687,7307.76618435784
27,10,7843.73199216352,7327.86096526977
27,11,7915.7453957934,7347.76618436493
27,12,7987.85358033415,7367.76618437096
28,2,8041.72412898032,7942.71857836434
28,3,7683.76836540234,7532.65463025165
28,4,7567.46411670081,7364.2421970154
28,5,7530.76881501524,7275.4387107951
28,6,7602.87699955014,7295.43871079528
28,7,7628.52443767881,7268.97796438923
28,8,7699.683030295,7288.02837247069
28,9,7771.53327606182,7307.7704337028
28,10,7843.69712338624,7327.82609649249
28,11,7915.75859500581,7347.77938357734
28,12,7987.85358032177,7367.76618435858
29,2,8041.72412898032,7942.71857836434
29,3,7683.76836523571,7532.65463008502
29,4,7567.46411670133,7364.24219701591
29,5,7530.76881501543,7275.43871079529
29,6,7561.34585391742,7253.90756516256
29,7,7628.71412391964,7269.16765063006
29,8,7700.48745943212,7288.83280160781
29,9,7771.85728910651,7308.09444674748
29,10,7843.8347739386,7327.96374704485
29,11,7915.74539579581,7347.76618436734
29,12,7987.8535822979,7367.7661863347
30,2,8041.72412898032,7942.71857836434
30,3,7683.76836521881,7532.65463006812
30,4,7567.4641167009,7364.24219701548
30,5,7530.76881501527,7275.43871079513
30,6,7561.34474366999,7253.90645491513
30,7,7628.67953880514,7269.13306551555
30,8,7700.87792784584,7289.22327002153
30,9,7771.5299719934,7307.76712963438
30,10,7843.63721126858,7327.76618437483
30,11,7915.74539579858,7347.76618437011
30,12,7987.8535803197,7367.7661843565
31,2,8041.72412898032,7942.71857836434
31,3,7683.76836520366,7532.65463005296
31,4,7567.46411670083,7364.24219701542
31,5,7598.04004073725,7342.70993651711
31,6,7561.34474095202,7253.90645219716
31,7,7628.52427310372,7268.97779981414
31,8,7699.61271967725,7287.95806185294
31,9,7772.34495612454,7308.58211376551
31,10,7843.6422024579,7327.77117556415
31,11,7915.74539578917,7347.7661843607
31,12,7987.85358033795,7367.76618437476
32,2,8041.72412898032,7942.71857836434
32,3,7683.76836524035,7532.65463008966
32,4,7647.07306341592,7443.8511437305
32,5,7530.76881501528,7275.43871079514
32,6,7561.34474110009,7253.90645234523
32,7,7629.21393335029,7269.6674600607
32,8,7700.41528811951,7288.76063029521
32,9,7771.75386679487,7307.99102443584
32,10,7843.70957908186,7327.83855218811
32,11,7915.74748533621,7347.76827390774
32,12,7987.85358032734,7367.76618436415
33,2,8041.72412898032,7942.71857836434
33,3,7683.76836510041,7532.65462994971
33,4,7567.46411670099,7364.24219701558
33,5,7530.76881501527,7275.43871079513
33,6,7561.34473839167,7253.90644963681
33,7,7628.65900712905,7269.11253383946
33,8,7699.64370261806,7287.98904479376
33,9,7772.54648854075,7308.78364618173
33,10,7843.82689121326,7327.95586431951
33,11,7915.74575090393,7347.76653947546
33,12,7987.85358032584,7367.76618436264
34,2,8041.72412898032,7942.71857836434
34,3,7683.76836510662,7532.65462995593
34,4,7567.46411670105,7364.24219701564
34,5,7530.76881501513,7275.43871079499
34,6,7561.34473792556,7253.9064491707
34,7,7628.6641225812,7269.11764929162
34,8,7699.59766338162,7287.94300555731
34,9,7771.60144134437,7307.83859898534
34,10,7843.63721125869,7327.76618436493
34,11,7915.74539578859,7347.76618436011
34,12,7987.85373007744,7367.76633411425
35,2,8041.72412898032,7942.71857836434
35,3,7683.76836514303,7532.65462999233
35,4,7567.46411670116,7364.24219701574
35,5,7530.76881501587,7275.43871079573
35,6,7561.34473799886,7253.906449244
35,7,7628.82325634242,7269.27678305283
35,8,7699.60661898119,7287.95196115688
35,9,7771.84034624783,7308.0775038888
35,10,7843.6539101946,7327.78288330085
35,11,7915.74539660584,7347.76618517737
35,12,7987.85358032293,7367.76618435974
36,2,8041.72412898032,7942.71857836434
36,3,7683.76836533991,7532.65463018922
36,4,7567.46411670096,7364.24219701554
36,5,7530.76881501543,7275.4387107953
36,6,7561.34474134392,7253.90645258906
36,7,7628.64496874104,7269.09849545145
36,8,7700.41698605664,7288.76232823233
36,9,7771.53405018443,7307.7712078254
36,10,7843.63721127899,7327.76618438524
36,11,7915.76389465283,7347.78468322436
36,12,7987.85358082884,7367.76618486565
37,2,8041.72412898032,7942.71857836434
37,3,7683.76836506073,7532.65462991003
37,4,7567.4641167,7364.24219701458
37,5,7530.76881501503,7275.4387107949
37,6,7561.34570716112,7253.90741840626
37,7,7628.91698387897,7269.37051058939
37,8,7700.41852325683,7288.76386543252
37,9,7771.73172858829,7307.96888622926
37,10,7843.63721128045,7327.76618438671
37,11,7915.74918870897,7347.7699772805
37,12,7987.85358032386,7367.76618436067
38,2,8041.72412898032,7942.71857836434
38,3,7683.76836529121,7532.65463014051
38,4,7567.46411670089,7364.24219701547
38,5,7530.76881501511,7275.43871079497
38,6,7561.34473817671,7253.90644942185
38,7,7628.64625474163,7269.09978145205
38,8,7699.56511766048,7287.91045983618
38,9,7771.78609439699,7308.02325203796
38,10,7843.63721165469,7327.76618476094
38,11,7915.74678902107,7347.7675775926
38,12,7987.85358031914,7367.76618435594
39,2,8041.72412898032,7942.71857836434
39,3,7683.76836520022,7532.65463004953
39,4,7567.46411670107,7364.24219701566
39,5,7530.76881501548,7275.43871079534
39,6,7561.345092826,7253.90680407114
39,7,7629.24780802989,7269.7013347403
39,8,7699.66681004485,7288.01215222054
39,9,7771.6433541256,7307.88051176658
39,10,7843.64962625042,7327.77859935667
39,11,7915.74539578642,7347.76618435795
39,12,7987.85358032273,7367.76618435954
40,2,8041.72412898032,7942.71857836434
40,3,7683.76836523671,7532.65463008602
40,4,7567.46411670093,7364.24219701551
40,5,7530.76881501532,7275.43871079518
40,6,7561.34474921419,7253.90646045933
40,7,7628.6440502211,7269.09757693151
40,8,7699.61985345232,7287.96519562802
40,9,7771.66314952232,7307.90030716329
40,10,7843.63721126733,7327.76618437358
40,11,7915.74539578629,7347.76618435782
40,12,7987.85358032734,7367.76618436414
41,2,8041.72412898032,7942.71857836434
41,3,7683.76836509773,7532.65462994704
41,4,7567.46411670096,7364.24219701554
41,5,7530.76881501555,7275.43871079541
41,6,7561.34617630355,7253.90788754869
41,7,7628.6645753251,7269.11810203551
41,8,7699.78070278332,7288.12604495901
41,9,7772.75979943819,7308.99695707917
41,10,7843.78166697724,7327.91064008349
41,11,7915.74539581947,7347.766184391
41,12,7987.91173029263,7367.82433432943
42,2,8041.72412898032,7942.71857836434
42,3,7683.7683651037,7532.654629953
42,4,7567.46411670079,7364.24219701537
42,5,7530.76881501556,7275.43871079542
42,6,7561.34615054313,7253.90786178827
42,7,7628.52557480562,7268.97910151604
42,8,7700.54255296943,7288.88789514513
42,9,7771.52903207545,7307.76618971643
42,10,7843.72157257089,7327.85054567714
42,11,7915.74539578784,7347.76618435936
42,12,7987.85358032445,7367.76618436125
43,2,8041.72412898032,7942.71857836434
43,3,7683.76836525989,7532.6546301092
43,4,7567.46411670084,7364.24219701543
43,5,7530.76881501552,7275.43871079538
43,6,7561.34473900162,7253.90645024676
43,7,7629.19541128322,7269.64893799363
43,8,7700.87537916606,7289.22072134175
43,9,7771.52902674878,7307.76618438975
43,10,7843.63721145912,7327.76618456537
43,11,7915.74539580309,7347.76618437462
43,12,7987.85358031928,7367.76618435609
44,2,8041.72412898032,7942.71857836434
44,3,7683.76836510151,7532.65462995082
44,4,7567.46411670106,7364.24219701564
44,5,7530.76881501522,7275.43871079508
44,6,7561.34474985525,7253.90646110038
44,7,7628.64764957067,7269.10117628109
44,8,7699.61926516943,7287.96460734513
44,9,7771.530284737,7307.76744237797
44,10,7844.6314749412,7328.76044804745
44,11,7916.7396594642,7348.76044803573
44,12,7987.85358032032,7367.76618435712
45,2,8041.72412898032,7942.71857836434
45,3,7683.76836541674,7532.65463026605
45,4,7567.46411670095,7364.24219701553
45,5,7598.04004000794,7342.7099357878
45,6,7561.34474678181,7253.90645802695
45,7,7629.23183827321,7269.68536498363
45,8,7699.60477695042,7287.95011912612
45,9,7771.77420522711,7308.01136286808
45,10,7844.63147492881,7328.76044803506
45,11,7915.97034226784,7347.99113083937
45,12,7987.85358033117,7367.76618436798
46,2,8041.72412898032,7942.71857836434
46,3,7683.76836505961,7532.65462990892
46,4,7567.46411670123,7364.24219701581
46,5,7530.76881501525,7275.43871079511
46,6,7561.34603298818,7253.90774423331
46,7,7628.52466077253,7268.97818748295
46,8,7699.62415921716,7287.96950139286
46,9,7771.52918953619,7307.76634717716
46,10,7843.63721125927,7327.76618436552
46,11,7915.74539593557,7347.7661845071
46,12,7988.84784399704,7368.76044803384
47,2,8041.72412898032,7942.71857836434
47,3,7683.76836511765,7532.65462996695
47,4,7567.46411670127,7364.24219701585
47,5,7530.76881501489,7275.43871079475
47,6,7561.34473821869,7253.90644946383
47,7,7628.64686691898,7269.10039362939
47,8,7701.3036744927,7289.64901666839
47,9,7771.55486892769,7307.79202656866
47,10,7843.6372112632,7327.76618436945
47,11,7915.74554448883,7347.76633306036
47,12,7987.85358042103,7367.76618445784
48,2,8041.72412898032,7942.71857836434
48,3,7683.76836510297,7532.65462995228
48,4,7567.46411670143,7364.24219701602
48,5,7530.76881501515,7275.43871079501
48,6,7561.34473817904,7253.90644942418
48,7,7629.20485085148,7269.6583775619
48,8,7699.6202574785,7287.9655996542
48,9,7771.76503678314,7308.00219442411
48,10,7843.6373032477,7327.76627635395
48,11,7915.74539580722,7347.76618437875
48,12,7987.85358032358,7367.76618436038
49,2,8041.72412898032,7942.71857836434
49,3,7683.76836510992,7532.65462995922
49,4,7567.46411670121,7364.24219701579
49,5,7530.76881501572,7275.43871079558
49,6,7561.34473793336,7253.9064491785
49,7,7628.64605327722,7269.09957998764
49,8,7700.46887213815,7288.81421431384
49,9,7771.53102632381,7307.76818396478
49,10,7843.63721350677,7327.76618661302
49,11,7915.74539584731,7347.76618441884
49,12,7987.85358282381,7367.76618686062
50,2,8041.72412898032,7942.71857836434
50,3,7683.76836510597,7532.65462995527
50,4,7567.46411670106,7364.24219701564
50,5,7530.76881501527,7275.43871079513
50,6,7561.34473814785,7253.90644939299
50,7,7629.19824544098,7269.65177215139
50,8,7700.42680976186,7288.77215193755
50,9,7771.53224741187,7307.76940505284
50,10,7843.63721125927,7327.76618436552
50,11,7915.74539579056,7347.76618436209
50,12,7987.85358083658,7367.76618487339
51,2,8041.72412898032,7942.71857836434
51,3,7683.76836506183,7532.65462991114
51,4,7567.46411670092,7364.2421970155
51,5,7530.76881501578,7275.43871079564
51,6,7561.34474965967,7253.90646090481
51,7,7628.65832453204,7269.11185124246
51,8,7699.60933267334,7287.95467484904
51,9,7771.61449134274,7307.85164898371
51,10,7843.64240660126,7327.77137970751
51,11,7915.74539579131,7347.76618436283
51,12,7987.85358032297,7367.76618435977
52,2,8041.72412898032,7942.71857836434
52,3,7683.76836509945,7532.65462994876
52,4,7567.4641167009,7364.24219701548
52,5,7530.76881501553,7275.43871079539
52,6,7561.3461653723,7253.90787661744
52,7,7628.64571048364,7269.09923719405
52,8,7700.55735363731,7288.90269581301
52,9,7772.52329040778,7308.76044804875
52,10,7844.63147495144,7328.76044805769
52,11,7915.74539814271,7347.76618671423
52,12,7987.85358033246,7367.76618436926
53,2,8041.72412898032,7942.71857836434
53,3,7683.76836524898,7532.65463009828
53,4,7567.46411670107,7364.24219701566
53,5,7530.76881501531,7275.43871079518
53,6,7561.34473809158,7253.90644933672
53,7,7628.64443148924,7269.09795819966
53,8,7700.81381616394,7289.15915833963
53,9,7771.53268289804,7307.76984053901
53,10,7843.68643884861,7327.81541195486
53,11,7915.74683260479,7347.76762117632
53,12,7987.85358032375,7367.76618436056
54,2,8041.72412898032,7942.71857836434
54,3,7683.76836510112,7532.65462995042
54,4,7567.46411670089,7364.24219701547
54,5,7530.76881501537,7275.43871079523
54,6,7561.34609682699,7253.90780807213
54,7,7628.68822236466,7269.14174907507
54,8,7700.50469956685,7288.85004174254
54,9,7772.52329040838,7308.76044804935
54,10,7843.63721127541,7327.76618438166
54,11,7915.78147965469,7347.80226822621
54,12,7987.8547330661,7367.7673371029
55,2,8041.72412898032,7942.71857836434
55,3,7683.76836513363,7532.65462998293
55,4,7567.46411670082,7364.2421970154
55,5,7530.76881501535,7275.43871079521
55,6,7561.34473882991,7253.90645007505
55,7,7629.19834856949,7269.65187527991
55,8,7700.91632084662,7289.26166302232
55,9,7771.52957909586,7307.76673673683
55,10,7843.6372112794,7327.76618438565
55,11,7915.74539578887,7347.7661843604
55,12,7987.85358032866,7367.76618436547
56,2,8041.72412898032,7942.71857836434
56,3,7683.76837257505,7532.65463742435
56,4,7567.46411670095,7364.24219701553
56,5,7530.7688150153,7275.43871079516
56,6,7561.34474825441,7253.90645949955
56,7,7629.195949629,7269.64947633941
56,8,7700.58995289701,7288.9352950727
56,9,7771.55874784105,7307.79590548202
56,10,7843.63995728455,7327.7689303908
56,11,7915.7453957884,7347.76618435992
56,12,7987.85358032779,7367.7661843646
57,2,8041.72412898032,7942.71857836434
57,3,7683.76836510416,7532.65462995346
57,4,7567.46411670099,7364.24219701557
57,5,7530.76881501531,7275.43871079517
57,6,7561.71709818306,7254.2788094282
57,7,7632.16973540138,7272.62326211179
57,8,7699.76704952234,7288.11239169803
57,9,7771.70953934373,7307.9466969847
57,10,7843.6372198404,7327.76619294665
57,11,7915.84047845372,7347.86126702525
57,12,7987.85358032705,7367.76618436386
58,2,8041.72412898032,7942.71857836434
58,3,7683.76836514771,7532.65462999702
58,4,7567.4641167011,7364.24219701568
58,5,7598.04003995299,7342.70993573285
58,6,7561.34545865136,7253.90716989649
58,7,7629.23154496867,7269.68507167909
58,8,7700.89245348455,7289.23779566024
58,9,7771.67887935324,7307.91603699421
58,10,7843.63721127058,7327.76618437683
58,11,7915.74539580725,7347.76618437878
58,12,7987.85358032658,7367.76618436339
59,2,8041.72412898032,7942.71857836434
59,3,7683.76836506518,7532.65462991449
59,4,7567.46411670094,7364.24219701553
59,5,7530.76881501524,7275.4387107951
59,6,7561.7171878084,7254.27889905354
59,7,7628.67820457205,7269.13173128247
59,8,7700.46212771539,7288.80746989109
59,9,7771.53104842355,7307.76820606452
59,10,7843.64145843581,7327.77043154206
59,11,7916.739659466,7348.76044803753
59,12,7987.85667089432,7367.76927493112
60,2,8041.72412898032,7942.71857836434
60,3,7683.76836528991,7532.65463013921
60,4,7567.46411670117,7364.24219701576
60,5,7530.76881501533,7275.4387107952
60,6,7561.34473983413,7253.90645107927
60,7,7629.19601525623,7269.64954196665
60,8,7699.60217786622,7287.94752004191
60,9,7771.85165561767,7308.08881325864
60,10,7843.85164506489,7327.98061817114
60,11,7915.7601666571,7347.78095522863
60,12,7987.85358032505,7367.76618436185
61,2,8041.72412898032,7942.71857836434
61,3,7683.76836508132,7532.65462993062
61,4,7567.46411670099,7364.24219701557
61,5,7530.76881501518,7275.43871079504
61,6,7561.34546701415,7253.90717825928
61,7,7629.19663566174,7269.65016237216
61,8,7699.52876587804,7287.87410805373
61,9,7772.52539254907,7308.76255019004
61,10,7843.63721306405,7327.7661861703
61,11,7915.74539579303,7347.76618436456
61,12,7987.85358032033,7367.76618435714
62,2,8041.72412898032,7942.71857836434
62,3,7683.76836510512,7532.65462995443
62,4,7567.46411670115,7364.24219701573
62,5,7530.76881501531,7275.43871079517
62,6,7561.34473834881,7253.90644959395
62,7,7629.20822063064,7269.66174734106
62,8,7700.4224069375,7288.76774911319
62,9,7772.5231300371,7308.76028767807
62,10,7843.63721126097,7327.76618436722
62,11,7915.74539579817,7347.7661843697
62,12,7987.8535803196,7367.7661843564
63,2,8041.72412898032,7942.71857836434
63,3,7683.76836938284,7532.65463423215
63,4,7567.46411670185,7364.24219701643
63,5,7530.76881501536,7275.43871079522
63,6,7561.34473919369,7253.90645043883
63,7,7628.64603847111,7269.09956518153
63,8,7699.63108797801,7287.9764301537
63,9,7771.53580796629,7307.77296560726
63,10,7843.64108999342,7327.77006309967
63,11,7915.74539579595,7347.76618436748
63,12,7987.85358033715,7367.76618437396
64,2,8041.72412898032,7942.71857836434
64,3,7683.76836509774,7532.65462994704
64,4,7567.46411670079,7364.24219701537
64,5,7530.76881501523,7275.43871079509
64,6,7561.34479210036,7253.9065033455
64,7,7628.64750763155,7269.10103434197
64,8,7700.45561120448,7288.80095338018
64,9,7771.65975848147,7307.89691612244
64,10,7843.67841098731,7327.80738409356
64,11,7915.74539579218,7347.76618436371
64,12,7987.85358032122,7367.76618435802
65,2,8041.72412898032,7942.71857836434
65,3,7683.76836506071,7532.65462991002
65,4,7567.46411670108,7364.24219701566
65,5,7530.76881501549,7275.43871079536
65,6,7561.39423410013,7253.95594534527
65,7,7628.71907922904,7269.17260593945
65,8,7700.60329119652,7288.94863337222
65,9,7771.68052194115,7307.91767958212
65,10,7843.64371327668,7327.77268638292
65,11,7915.74564858254,7347.76643715406
65,12,7987.85358032861,7367.76618436542
66,2,8041.72412898032,7942.71857836434
66,3,7683.76836524109,7532.6546300904
66,4,7567.46411670119,7364.24219701577
66,5,7530.76881501527,7275.43871079514
66,6,7561.34477377557,7253.90648502071
66,7,7629.28080868892,7269.73433539934
66,8,7699.83317139194,7288.17851356763
66,9,7771.52966817176,7307.76682581274
66,10,7844.63150276843,7328.76047587468
66,11,7916.04004438663,7348.06083295815
66,12,7987.85358035865,7367.76618439546
67,2,8041.72412898032,7942.71857836434
67,3,7683.76836510555,7532.65462995486
67,4,7567.46411670085,7364.24219701544
67,5,7530.76881501546,7275.43871079532
67,6,7561.34474077784,7253.90645202298
67,7,7628.65201747953,7269.10554418995
67,8,7700.58308903469,7288.92843121039
67,9,7771.76767556624,7308.00483320721
67,10,7843.80884276916,7327.93781587541
67,11,7915.74539671775,7347.76618528928
67,12,7987.85358032297,7367.76618435978
68,2,8041.72412898032,7942.71857836434
68,3,7683.76836510133,7532.65462995064
68,4,7567.4641167009,7364.24219701549
68,5,7530.76881501545,7275.43871079531
68,6,7561.3447400848,7253.90645132994
68,7,7629.20984676499,7269.66337347541
68,8,7699.61506367297,7287.96040584866
68,9,7773.41682501058,7309.65398265155
68,10,7843.6423800296,7327.77135313585
68,11,7915.7453957877,7347.76618435923
68,12,7987.85358032559,7367.7661843624
69,2,8041.72412898032,7942.71857836434
69,3,7683.76836506113,7532.65462991044
69,4,7567.46411670122,7364.2421970158
69,5,7530.76881501572,7275.43871079558
69,6,7561.34473956779,7253.90645081293
69,7,7628.65067614739,7269.1042028578
69,8,7700.46188943101,7288.8072316067
69,9,7771.78162882887,7308.01878646985
69,10,7843.64039815804,7327.76937126428
69,11,7915.74540383864,7347.76619241017
69,12,7987.85358032155,7367.76618435836
70,2,8041.72412898032,7942.71857836434
70,3,7683.76836506027,7532.65462990958
70,4,7567.4641167011,7364.24219701568
70,5,7530.76881501554,7275.4387107954
70,6,7561.34474739799,7253.90645864313
70,7,7629.31498140856,7269.76850811898
70,8,7699.64869781441,7287.99403999011
70,9,7771.52902959745,7307.76618723842
70,10,7843.63772596258,7327.76669906882
70,11,7915.74558660487,7347.7663751764
70,12,7987.85358032915,7367.76618436596
71,2,8041.72412898032,7942.71857836434
71,3,7683.76836510652,7532.65462995582
71,4,7567.4641167011,7364.24219701569
71,5,7530.76881501533,7275.43871079519
71,6,7561.34474037847,7253.90645162361
71,7,7628.52453595539,7268.97806266581
71,8,7699.86224306126,7288.20758523696
71,9,7771.52902678833,7307.7661844293
71,10,7844.63147495847,7328.76044806472
71,11,7915.74539747577,7347.7661860473
71,12,7987.85358032145,7367.76618435826
72,2,8041.72412898032,7942.71857836434
72,3,7683.76836526669,7532.65463011599
72,4,7567.46411670106,7364.24219701565
72,5,7530.76881501575,7275.43871079561
72,6,7561.34504798991,7253.90675923505
72,7,7629.2139514705,7269.66747818092
72,8,7699.78872545358,7288.13406762928
72,9,7771.53918189046,7307.77633953144
72,10,7843.63721126464,7327.76618437089
72,11,7915.74539623676,7347.76618480829
72,12,7987.85358033302,7367.76618436983
73,2,8041.72412898032,7942.71857836434
73,3,7683.76836526187,7532.65463011117
73,4,7567.46411670075,7364.24219701534
73,5,7530.76881501545,7275.43871079531
73,6,7561.34473911213,7253.90645035727
73,7,7629.19626161615,7269.64978832657
73,8,7699.58180260873,7287.92714478443
73,9,7771.54799723665,7307.78515487762
73,10,7843.63725408502,7327.76622719127
73,11,7915.74540593872,7347.76619451025
73,12,7987.85358032635,7367.76618436316
74,2,8041.72412898032,7942.71857836434
74,3,7683.76836510218,7532.65462995149
74,4,7567.46411670118,7364.24219701576
74,5,7530.76881501519,7275.43871079505
74,6,7561.34500867366,7253.9067199188
74,7,7629.19481805837,7269.64834476879
74,8,7700.41918181294,7288.76452398863
74,9,7771.69680409943,7307.9339617404
74,10,7843.63721125571,7327.76618436196
74,11,7915.74539578719,7347.76618435872
74,12,7987.85358400079,7367.76618803759
75,2,8041.72412898032,7942.71857836434
75,3,7683.76836509905,7532.65462994835
75,4,7567.46411670122,7364.24219701581
75,5,7530.76881501537,7275.43871079523
75,6,7561.34481828751,7253.90652953265
75,7,7628.52465489825,7268.97818160867
75,8,7699.58981654441,7287.9351587201
75,9,7771.59393944008,7307.83109708106
75,10,7843.66475654061,7327.79372964687
75,11,7915.74539581042,7347.76618438195
75,12,7987.85474738744,7367.76735142424
76,2,8041.72412898032,7942.71857836434
76,3,7683.76836507075,7532.65462992006
76,4,7567.46411670071,7364.24219701529
76,5,7530.76881501527,7275.43871079513
76,6,7561.34473791907,7253.90644916421
76,7,7628.64504247282,7269.09856918323
76,8,7699.61951480184,7287.96485697753
76,9,7772.52329039966,7308.76044804063
76,10,7843.64051272245,7327.7694858287
76,11,7915.76634744503,7347.78713601656
76,12,7987.8535803291,7367.7661843659
77,2,8041.72412898032,7942.71857836434
77,3,7683.76836511057,7532.65462995988
77,4,7567.46411670134,7364.24219701592
77,5,7530.7688150152,7275.43871079506
77,6,7561.34482775801,7253.90653900315
77,7,7628.65391308958,7269.10743979999
77,8,7699.57596957322,7287.92131174892
77,9,7771.54999046613,7307.7871481071
77,10,7843.86888852625,7327.9978616325
77,11,7915.74539578688,7347.7661843584
77,12,7987.85358034077,7367.76618437758
78,2,8041.72412898032,7942.71857836434
78,3,7683.7683651499,7532.65462999921
78,4,7567.46411670084,7364.24219701542
78,5,7530.76881501553,7275.4387107954
78,6,7561.34497773043,7253.90668897557
78,7,7628.6438170097,7269.09734372012
78,8,7700.77868496769,7289.12402714338
78,9,7771.52916498921,7307.76632263018
78,10,7843.64862169451,7327.77759480076
78,11,7915.74594219942,7347.76673077094
78,12,7987.85358032111,7367.76618435791
79,2,8041.72412898032,7942.71857836434
79,3,7683.76836510342,7532.65462995273
79,4,7567.46411670085,7364.24219701544
79,5,7530.76881501533,7275.43871079519
79,6,7561.34526716662,7253.90697841176
79,7,7628.6451757918,7269.09870250221
79,8,7700.41511737912,7288.76045955481
79,9,7771.7492318466,7307.98638948758
79,10,7843.95395086991,7328.08292397616
79,11,7915.74607052266,7347.76685909419
79,12,7987.85358032204,7367.76618435885
80,2,8041.72412898032,7942.71857836434
80,3,7683.76836525376,7532.65463010307
80,4,7567.46411670098,7364.24219701557
80,5,7530.76881501531,7275.43871079517
80,6,7561.3447786553,7253.90648990044
80,7,7631.2086396,7271.66216631042
80,8,7699.62688420831,7287.972226384
80,9,7772.52329039364,7308.76044803461
80,10,7843.65435581107,7327.78332891732
80,11,7915.74539663952,7347.76618521105
80,12,7987.85358032674,7367.76618436354
81,2,8041.72412898032,7942.71857836434
81,3,7683.76836525332,7532.65463010263
81,4,7567.46411670089,7364.24219701548
81,5,7530.76881501542,7275.43871079528
81,6,7561.48884031453,7254.05055155967
81,7,7629.20677484685,7269.66030155727
81,8,7700.86047632135,7289.20581849704
81,9,7771.8056916462,7308.04284928718
81,10,7843.6372112564,7327.76618436265
81,11,7915.74539578939,7347.76618436092
81,12,7987.85358032153,7367.76618435834
82,2,8041.72412898032,7942.71857836434
82,3,7683.76836524691,7532.65463009622
82,4,7567.46411670097,7364.24219701555
82,5,7530.76881501519,7275.43871079505
82,6,7561.34474384404,7253.90645508918
82,7,7628.65443702064,7269.10796373106
82,8,7700.70220691191,7289.0475490876
82,9,7771.67431241865,7307.91147005962
82,10,7843.63721215636,7327.76618526261
82,11,7915.81211871127,7347.8329072828
82,12,7987.85358032561,7367.76618436242
83,2,8041.72412898032,7942.71857836434
83,3,7683.76836506145,7532.65462991076
83,4,7567.46411670095,7364.24219701553
83,5,7530.76881501525,7275.43871079511
83,6,7561.34476590285,7253.90647714799
83,7,7628.81296836155,7269.26649507196
83,8,7699.62956597309,7287.97490814878
83,9,7771.83130222537,7308.06845986635
83,10,7843.70385104568,7327.83282415193
83,11,7915.74539579331,7347.76618436483
83,12,7987.85358032327,7367.76618436008
84,2,8041.72412898032,7942.71857836434
84,3,7683.76836506908,7532.65462991839
84,4,7567.46411670087,7364.24219701545
84,5,7530.76881501509,7275.43871079495
84,6,7561.34474019444,7253.90645143958
84,7,7628.52443573701,7268.97796244742
84,8,7699.71012772605,7288.05546990174
84,9,7771.71129066586,7307.94844830684
84,10,7843.63721126336,7327.76618436961
84,11,7915.74541164468,7347.76620021621
84,12,7988.06321450658,7367.97581854339
85,2,8041.72412898032,7942.71857836434
85,3,7683.76836505955,7532.65462990885
85,4,7567.46411670114,7364.24219701573
85,5,7530.76881501519,7275.43871079505
85,6,7561.34474115426,7253.9064523994
85,7,7628.6500006802,7269.10352739062
85,8,7700.42629593946,7288.77163811516
85,9,7771.75215419513,7307.98931183611
85,10,7843.63721125625,7327.76618436251
85,11,7915.74539580299,7347.76618437452
85,12,7987.85358032123,7367.76618435803
86,2,8041.72412898032,7942.71857836434
86,3,7683.76836506761,7532.65462991691
86,4,7567.46411670099,7364.24219701557
86,5,7530.76881501541,7275.43871079527
86,6,7561.34473869821,7253.90644994335
86,7,7628.6555844138,7269.10911112422
86,8,7700.57072719384,7288.91606936953
86,9,7772.5294779944,7308.76663563537
86,10,7843.64549758387,7327.77447069012
86,11,7915.745395786,7347.76618435753
86,12,7987.85358032163,7367.76618435844
87,2,8041.72412898032,7942.71857836434
87,3,7683.7683651024,7532.65462995171
87,4,7567.46411670129,7364.24219701587
87,5,7530.76881501522,7275.43871079508
87,6,7561.3447379861,7253.90644923124
87,7,7628.52480347287,7268.97833018328
87,8,7700.43976512912,7288.78510730482
87,9,7772.52329042763,7308.7604480686
87,10,7843.63759584178,7327.76656894803
87,11,7915.80335623413,7347.82414480566
87,12,7987.85358033563,7367.76618437243
88,2,8041.72412898032,7942.71857836434
88,3,7683.76836510202,7532.65462995132
88,4,7567.46411670086,7364.24219701544
88,5,7530.76881501528,7275.43871079514
88,6,7561.34482838274,7253.90653962788
88,7,7629.58272584654,7270.03625255695
88,8,7700.4151067114,7288.7604488871
88,9,7771.52902673956,7307.76618438053
88,10,7843.63721125543,7327.76618436168
88,11,7915.74540431208,7347.76619288361
88,12,7987.85358032267,7367.76618435948
89,2,8041.72412898032,7942.71857836434
89,3,7683.76836508809,7532.65462993739
89,4,7567.46411670097,7364.24219701556
89,5,7530.76881501551,7275.43871079537
89,6,7561.34473866238,7253.90644990752
89,7,7628.64427294879,7269.09779965921
89,8,7700.76781603357,7289.11315820926
89,9,7771.69327572209,7307.93043336306
89,10,7843.76234613318,7327.89131923943
89,11,7915.7455283148,7347.76631688633
89,12,7987.85358032617,7367.76618436298
90,2,8041.72412898032,7942.71857836434
90,3,7683.76836526489,7532.6546301142
90,4,7567.46411670119,7364.24219701577
90,5,7530.7688150151,7275.43871079496
90,6,7561.34507931908,7253.90679056422
90,7,7628.66981833383,7269.12334504425
90,8,7700.47118637505,7288.81652855075
90,9,7771.57905963939,7307.81621728036
90,10,7843.63721125772,7327.76618436397
90,11,7915.74539585883,7347.76618443036
90,12,7987.85358034035,7367.76618437716
91,2,8041.72412898032,7942.71857836434
91,3,7683.76836523568,7532.65463008499
91,4,7567.46411670109,7364.24219701568
91,5,7530.76881501525,7275.43871079512
91,6,7561.34474721184,7253.90645845698
91,7,7628.82989559071,7269.28342230113
91,8,7699.61775397995,7287.96309615564
91,9,7771.79882377967,7308.03598142064
91,10,7843.66266075346,7327.79163385971
91,11,7915.74578049272,7347.76656906424
91,12,7987.85358033223,7367.76618436903
92,2,8041.72412898032,7942.71857836434
92,3,7683.76836526542,7532.65463011472
92,4,7567.46411670093,7364.24219701552
92,5,7530.76881501513,7275.43871079499
92,6,7561.34474015779,7253.90645140292
92,7,7629.28104773632,7269.73457444674
92,8,7700.41513149794,7288.76047367363
92,9,7771.57972878382,7307.81688642479
92,10,7843.81135784048,7327.94033094673
92,11,7915.74539578454,7347.76618435607
92,12,7987.8535803214,7367.7661843582
93,2,8041.72412898032,7942.71857836434
93,3,7683.76836518544,7532.65463003475
93,4,7567.4641167009,7364.24219701549
93,5,7530.76881501517,7275.43871079503
93,6,7561.34601456648,7253.90772581162
93,7,7628.64492983657,7269.09845654699
93,8,7700.42014206428,7288.76548423997
93,9,7771.55583216882,7307.79298980979
93,10,7843.63737548844,7327.76634859469
93,11,7915.75607144504,7347.77686001657
93,12,7987.85358032356,7367.76618436037
94,2,8041.72412898032,7942.71857836434
94,3,7683.76836545676,7532.65463030606
94,4,7567.46411670092,7364.24219701551
94,5,7530.76881501523,7275.43871079509
94,6,7561.34478470849,7253.90649595363
94,7,7628.52446312443,7268.97798983484
94,8,7700.43884719682,7288.78418937251
94,9,7771.53874322647,7307.77590086744
94,10,7843.72472862634,7327.85370173259
94,11,7915.74539579626,7347.76618436778
94,12,7987.85358032152,7367.76618435833
95,2,8041.72412898032,7942.71857836434
95,3,7683.76836510391,7532.65462995322
95,4,7567.46411670097,7364.24219701556
95,5,7530.76881501529,7275.43871079515
95,6,7561.34474441294,7253.90645565808
95,7,7628.65282173989,7269.10634845031
95,8,7699.58154310041,7287.92688527611
95,9,7771.58465290051,7307.82181054148
95,10,7843.74138506185,7327.8703581681
95,11,7915.7458874188,7347.76667599033
95,12,7987.85358032408,7367.76618436088
96,2,8041.72412898032,7942.71857836434
96,3,7683.76836536445,7532.65463021375
96,4,7567.46411670074,7364.24219701532
96,5,7530.76881501524,7275.4387107951
96,6,7561.34473852518,7253.90644977032
96,7,7628.66105935622,7269.11458606663
96,8,7699.62105413249,7287.96639630819
96,9,7771.52921122893,7307.7663688699
96,10,7844.63155338535,7328.7605264916
96,11,7915.74539578645,7347.76618435798
96,12,7987.85358033023,7367.76618436704
97,2,8041.72412898032,7942.71857836434
97,3,7683.76836510066,7532.65462994997
97,4,7567.46411670092,7364.24219701551
97,5,7530.76881501547,7275.43871079533
97,6,7561.34475724052,7253.90646848565
97,7,7629.19703048204,7269.65055719245
97,8,7699.74663914831,7288.09198132401
97,9,7771.59037519355,7307.82753283452
97,10,7843.67308078182,7327.80205388807
97,11,7915.74539578679,7347.76618435831
97,12,7987.86095194792,7367.77355598473
98,2,8041.72412898032,7942.71857836434
98,3,7683.76836526251,7532.65463011182
98,4,7567.46411670124,7364.24219701582
98,5,7530.76881501537,7275.43871079523
98,6,7561.34474942211,7253.90646066725
98,7,7628.66694188431,7269.12046859473
98,8,7700.44039846769,7288.78574064339
98,9,7771.74204531564,7307.97920295661
98,10,7843.79634452978,7327.92531763603
98,11,7915.74539578787,7347.76618435939
98,12,7987.85358032394,7367.76618436074
99,2,8041.72412898032,7942.71857836434
99,3,7683.76836508103,7532.65462993033
99,4,7567.46411670102,7364.2421970156
99,5,7598.04004004415,7342.70993582402
99,6,7561.34499532906,7253.9067065742
99,7,7629.2803350424,7269.73386175282
99,8,7699.60317133943,7287.94851351512
99,9,7771.98674235411,7308.22389999508
99,10,7843.63947599818,7327.76844910443
99,11,7915.74830501829,7347.76909358982
99,12,7987.85358032298,7367.76618435978
100,2,8041.72412898032,7942.71857836434
100,3,7683.76836510626,7532.65462995556
100,4,7567.46411670111,7364.24219701569
100,5,7530.76881501528,7275.43871079514
100,6,7561.34475518587,7253.90646643101
100,7,7629.20009219044,7269.65361890086
100,8,7700.4151058789,7288.7604480546
100,9,7771.61844341699,7307.85560105796
100,10,7844.63164953785,7328.7606226441
100,11,7915.74539759088,7347.76618616241
100,12,7987.8535803199,7367.7661843567
101,2,8041.72412898032,7942.71857836434
101,3,7683.76836509976,7532.65462994906
101,4,7567.46411670109,7364.24219701568
101,5,7530.76881501525,7275.43871079511
101,6,7599.21265322851,7291.77436447365
101,7,7629.1947652686,7269.64829197902
101,8,7699.64424771448,7287.98958989018
101,9,7771.57747479234,7307.81463243331
101,10,7843.63722267426,7327.76619578051
101,11,7915.74592912556,7347.76671769709
101,12,7987.85368272788,7367.76628676468
102,2,8041.72412898032,7942.71857836434
102,3,7683.76836532293,7532.65463017224
102,4,7567.46411670068,7364.24219701526
102,5,7530.76881501512,7275.43871079498
102,6,7561.34621670333,7253.90792794847
102,7,7628.52479193353,7268.97831864394
102,8,7699.62939010114,7287.97473227684
102,9,7771.53292578992,7307.7700834309
102,10,7843.63721130929,7327.76618441554
102,11,7915.74539579514,7347.76618436667
102,12,7987.85358032432,7367.76618436113
103,2,8041.72412898032,7942.71857836434
103,3,7683.76836510056,7532.65462994987
103,4,7567.46411670097,7364.24219701555
103,5,7530.76881501529,7275.43871079515
103,6,7561.34473866312,7253.90644990826
103,7,7629.22965443307,7269.68318114348
103,8,7699.63886290116,7287.98420507686
103,9,7771.53264884635,7307.76980648732
103,10,7843.63980171698,7327.76877482323
103,11,7915.74539580144,7347.76618437297
103,12,7987.85358033442,7367.76618437122
104,2,8041.72412898032,7942.71857836434
104,3,7683.76836510691,7532.65462995621
104,4,7567.46411670115,7364.24219701574
104,5,7530.76881501519,7275.43871079505
104,6,7561.34474328242,7253.90645452756
104,7,7628.78677483663,7269.24030154704
104,8,7699.83344843183,7288.17879060752
104,9,7771.86922128499,7308.10637892596
104,10,7843.64372151492,7327.77269462117
104,11,7915.74539580462,7347.76618437615
104,12,7987.85358032288,7367.76618435969
105,2,8041.72412898032,7942.71857836434
105,3,7683.76836510269,7532.654629952
105,4,7567.46411670111,7364.2421970157
105,5,7530.76881501524,7275.4387107951
105,6,7561.34473893574,7253.90645018088
105,7,7629.19573703522,7269.64926374564
105,8,7700.42519754934,7288.77053972504
105,9,7772.52329039672,7308.76044803769
105,10,7843.63722106355,7327.7661941698
105,11,7915.75127032581,7347.77205889734
105,12,7987.85360986275,7367.76621389955
106,2,8041.72412898032,7942.71857836434
106,3,7683.76836532085,7532.65463017016
106,4,7567.46411670089,7364.24219701548
106,5,7530.76881501556,7275.43871079542
106,6,7561.34474153976,7253.9064527849
106,7,7628.67090844221,7269.12443515262
106,8,7700.59975864411,7288.9451008198
106,9,7772.5281731737,7308.76533081468
106,10,7843.63971321089,7327.76868631714
106,11,7915.74539581178,7347.76618438331
106,12,7987.92537472367,7367.83797876047
107,2,8041.72412898032,7942.71857836434
107,3,7683.76836506143,7532.65462991073
107,4,7567.46411670128,7364.24219701586
107,5,7530.76881501499,7275.43871079485
107,6,7561.34474101424,7253.90645225938
107,7,7633.01044875782,7273.46397546824
107,8,7700.45820022672,7288.80354240242
107,9,7771.52902907362,7307.7661867146
107,10,7843.63721125177,7327.76618435802
107,11,7915.74539579471,7347.76618436624
107,12,7987.85358033257,7367.76618436937
108,2,8041.72412898032,7942.71857836434
108,3,7683.76836539452,7532.65463024382
108,4,7567.46411670093,7364.24219701552
108,5,7598.04143201756,7342.71132779742
108,6,7561.34474168829,7253.90645293343
108,7,7628.6458857892,7269.09941249962
108,8,7699.57717919674,7287.92252137243
108,9,7771.53246302743,7307.7696206684
108,10,7843.79298300643,7327.92195611268
108,11,7915.74539579695,7347.76618436848
108,12,7987.85358035728,7367.76618439408
109,2,8041.72412898032,7942.71857836434
109,3,7683.76836510435,7532.65462995365
109,4,7567.46411670096,7364.24219701554
109,5,7530.76881501497,7275.43871079483
109,6,7561.34474990527,7253.90646115041
109,7,7628.78773137951,7269.24125808992
109,8,7700.11455230557,7288.45989448127
109,9,7772.5232904016,7308.76044804257
109,10,7843.63721126267,7327.76618436891
109,11,7915.7503998473,7347.77118841883
109,12,7987.85358032601,7367.76618436282
110,2,8041.72412898032,7942.71857836434
110,3,7683.76836569735,7532.65463054666
110,4,7567.46411670127,7364.24219701586
110,5,7530.76881501528,7275.43871079514
110,6,7561.34474010599,7253.90645135112
110,7,7628.65849913534,7269.11202584575
110,8,7700.41512835289,7288.76047052859
110,9,7771.64926083638,7307.88641847735
110,10,7843.63721125521,7327.76618436146
110,11,7915.7453960968,7347.76618466833
110,12,7987.85358032723,7367.76618436404
111,2,8041.72412898032,7942.71857836434
111,3,7872.78151944973,7721.66778429904
111,4,7647.07306356253,7443.85114387711
111,5,7530.76881501506,7275.43871079492
111,6,7561.34473797068,7253.90644921582
111,7,7628.68762336533,7269.14115007575
111,8,7699.60561956376,7287.95096173945
111,9,7772.52329867937,7308.76045632034
111,10,7843.63721127739,7327.76618438364
111,11,7915.74539580254,7347.76618437407
111,12,7987.85358047023,7367.76618450703
112,2,8041.72412898032,7942.71857836434
112,3,7683.76836513553,7532.65462998483
112,4,7567.46411670124,7364.24219701582
112,5,7530.7688150152,7275.43871079506
112,6,7561.34473810656,7253.9064493517
112,7,7629.35512728738,7269.8086539978
112,8,7700.7142710775,7289.05961325319
112,9,7772.52352421504,7308.76068185602
112,10,7843.63819320204,7327.76716630829
112,11,7915.74539582865,7347.76618440018
112,12,7987.85358032351,7367.76618436031
113,2,8041.72412898032,7942.71857836434
113,3,7683.76836514176,7532.65462999106
113,4,7567.46411670113,7364.24219701571
113,5,7530.76881501536,7275.43871079522
113,6,7561.34608657532,7253.90779782046
113,7,7629.19522767835,7269.64875438877
113,8,7700.63875210416,7288.98409427986
113,9,7771.52906457217,7307.76622221314
113,10,7844.6314864856,7328.76045959185
113,11,7915.74575384505,7347.76654241657
113,12,7987.85358035027,7367.76618438707
114,2,8041.72412898032,7942.71857836434
114,3,7683.76836510453,7532.65462995383
114,4,7567.46411670126,7364.24219701584
114,5,7530.76881501557,7275.43871079543
114,6,7561.71720185785,7254.27891310298
114,7,7629.20076370119,7269.6542904116
114,8,7699.52730300919,7287.87264518488
114,9,7771.69811033737,7307.93526797835
114,10,7843.63721125495,7327.76618436119
114,11,7915.74539580263,7347.76618437416
114,12,7987.8548663049,7367.7674703417
115,2,8041.72412898032,7942.71857836434
115,3,7683.76836507036,7532.65462991966
115,4,7567.46411670089,7364.24219701548
115,5,7530.76881501509,7275.43871079496
115,6,7561.34473792882,7253.90644917396
115,7,7628.52458375983,7268.97811047024
115,8,7699.60720735386,7287.95254952955
115,9,7771.83090722751,7308.06806486848
115,10,7843.68580291222,7327.81477601847
115,11,7915.74600923579,7347.76679780731
115,12,7987.85358815191,7367.76619218872
116,2,8041.72412898032,7942.71857836434
116,3,7683.76836506162,7532.65462991093
116,4,7567.464116701,7364.24219701558
116,5,7530.76881501511,7275.43871079497
116,6,7561.34476215372,7253.90647339886
116,7,7632.77081221911,7273.22433892953
116,8,7700.58040518708,7288.92574736278
116,9,7771.67879671095,7307.91595435192
116,10,7843.63725115638,7327.76622426263
116,11,7915.75915320944,7347.77994178097
116,12,7987.91224920982,7367.82485324662
117,2,8041.72412898032,7942.71857836434
117,3,7683.76836510667,7532.65462995597
117,4,7567.464116701,7364.24219701558
117,5,7530.76881501515,7275.43871079501
117,6,7561.34474634802,7253.90645759316
117,7,7633.45292323338,7273.9064499438
117,8,7700.63278409027,7288.97812626596
117,9,7771.57714658822,7307.81430422919
117,10,7843.6505402353,7327.77951334155
117,11,7915.74539583931,7347.76618441084
117,12,7987.85358032031,7367.76618435711
118,2,8041.72412898032,7942.71857836434
118,3,7683.76836506367,7532.65462991298
118,4,7618.14062506326,7414.91870537784
118,5,7530.76881501536,7275.43871079522
118,6,7561.34612929342,7253.90784053856
118,7,7628.70656449235,7269.16009120277
118,8,7700.61858675581,7288.9639289315
118,9,7771.53959146602,7307.77674910699
118,10,7843.71338098665,7327.8423540929
118,11,7915.74892513655,7347.76971370807
118,12,7987.85358977015,7367.76619380696
119,2,8041.72412898032,7942.71857836434
119,3,7683.76836520718,7532.65463005648
119,4,7567.464116701,7364.24219701558
119,5,7530.76881501548,7275.43871079534
119,6,7561.3470279089,7253.90873915404
119,7,7628.52509988272,7268.97862659314
119,8,7699.69186509589,7288.03720727158
119,9,7771.77804305493,7308.0152006959
119,10,7843.6372164331,7327.76618953935
119,11,7915.89454318897,7347.9153317605
119,12,7987.85358032681,7367.76618436362
120,2,8041.72412898032,7942.71857836434
120,3,7683.76836523439,7532.6546300837
120,4,7567.46411670095,7364.24219701553
120,5,7530.76881501546,7275.43871079532
120,6,7561.34474267759,7253.90645392273
120,7,7629.28037675517,7269.73390346559
120,8,7699.70585208586,7288.05119426156
120,9,7771.6603450615,7307.89750270248
120,10,7843.63721125736,7327.76618436361
120,11,7915.74539580746,7347.76618437899
120,12,7987.85358032158,7367.76618435839
121,2,8041.72412898032,7942.71857836434
121,3,7683.76836536012,7532.65463020942
121,4,7567.46411670151,7364.24219701609
121,5,7530.76881501546,7275.43871079532
121,6,7561.34473961276,7253.9064508579
121,7,7628.64950972484,7269.10303643525
121,8,7700.4151346018,7288.7604767775
121,9,7771.59327577986,7307.83043342083
121,10,7843.65093568329,7327.77990878954
121,11,7915.74539580135,7347.76618437288
121,12,7987.8535803277,7367.76618436451
122,2,8041.72412898032,7942.71857836434
122,3,7683.76836509834,7532.65462994764
122,4,7567.46411670104,7364.24219701562
122,5,7530.76881501527,7275.43871079513
122,6,7561.34484685018,7253.90655809531
122,7,7628.5248464163,7268.97837312672
122,8,7699.66339790472,7288.00874008041
122,9,7771.78982836202,7308.02698600299
122,10,7843.70867833241,7327.83765143866
122,11,7915.74539579415,7347.76618436568
122,12,7987.85358033221,7367.76618436902
123,2,8041.72412898032,7942.71857836434
123,3,7683.76836506084,7532.65462991015
123,4,7567.46411670076,7364.24219701535
123,5,7530.76881501528,7275.43871079514
123,6,7561.34487173856,7253.9065829837
123,7,7629.19743488828,7269.6509615987
123,8,7700.43476816915,7288.78011034485
123,9,7771.66729434457,7307.90445198554
123,10,7843.87124528026,7328.00021838651
123,11,7915.74592528521,7347.76671385674
123,12,7987.85358033009,7367.76618436689
124,2,8041.72412898032,7942.71857836434
124,3,7683.76836506731,7532.65462991661
124,4,7567.46411670111,7364.24219701569
124,5,7530.76881501546,7275.43871079532
124,6,7561.34474343963,7253.90645468477
124,7,7628.65078952751,7269.10431623793
124,8,7699.58212687161,7287.9274690473
124,9,7771.69737564473,7307.9345332857
124,10,7843.63721125833,7327.76618436458
124,11,7915.74539614015,7347.76618471168
124,12,7987.8535803246,7367.76618436141
125,2,8041.72412898032,7942.71857836434
125,3,7683.76836510191,7532.65462995122
125,4,7567.46411670075,7364.24219701534
125,5,7530.76881501546,7275.43871079532
125,6,7561.34473945454,7253.90645069968
125,7,7629.19742368598,7269.6509503964
125,8,7700.41946253954,7288.76480471524
125,9,7771.73670863041,7307.97386627138
125,10,7843.69301283056,7327.82198593681
125,11,7915.74539578976,7347.76618436128
125,12,7987.8535803236,7367.7661843604
126,2,8041.72412898032,7942.71857836434
126,3,7683.76836521556,7532.65463006487
126,4,7567.46411670079,7364.24219701537
126,5,7530.76881501539,7275.43871079525
126,6,7561.34475133654,7253.90646258168
126,7,7628.65745201727,7269.11097872769
126,8,7699.72149536354,7288.06683753924
126,9,7771.63214258538,7307.86930022635
126,10,7843.64891136584,7327.7778844721
126,11,7915.7454288676,7347.76621743913
126,12,7987.85358032625,7367.76618436305
127,2,8041.72412898032,7942.71857836434
127,3,7683.76836532686,7532.65463017616
127,4,7567.46411670103,7364.24219701561
127,5,7530.76881501574,7275.4387107956
127,6,7561.34476466535,7253.90647591049
127,7,7629.33297406467,7269.78650077509
127,8,7700.47199141433,7288.81733359002
127,9,7771.55022851513,7307.7873861561
127,10,7843.63728841099,7327.76626151724
127,11,7915.74539578864,7347.76618436017
127,12,7987.85358033469,7367.7661843715
128,2,8041.72412898032,7942.71857836434
128,3,7872.78151944993,7721.66778429924
128,4,7567.46411670128,7364.24219701587
128,5,7530.7688150156,7275.43871079546
128,6,7561.34473894581,7253.90645019095
128,7,7633.45292792728,7273.9064546377
128,8,7699.83800958591,7288.1833517616
128,9,7771.76513204852,7308.00228968949
128,10,7844.63559204696,7328.76456515321
128,11,7915.74553352883,7347.76632210035
128,12,7987.85358032077,7367.76618435758
129,2,8041.72412898032,7942.71857836434
129,3,7683.7683650596,7532.65462990891
129,4,7567.46411670096,7364.24219701554
129,5,7530.76881501523,7275.43871079509
129,6,7561.3448633925,7253.90657463764
129,7,7628.75395737335,7269.20748408376
129,8,7699.60268448831,7287.94802666401
129,9,7771.59533710779,7307.83249474876
129,10,7843.63977669087,7327.76874979712
129,11,7915.74563970075,7347.76642827227
129,12,7987.85358032506,7367.76618436186
130,2,8041.72412898032,7942.71857836434
130,3,7683.76836506474,7532.65462991404
130,4,7567.46411670146,7364.24219701604
130,5,7530.76881501496,7275.43871079482
130,6,7561.34519361793,7253.90690486307
130,7,7628.64464253657,7269.09816924698
130,8,7700.44502209378,7288.79036426947
130,9,7772.54224234708,7308.77939998805
130,10,7843.6378174971,7327.76679060335
130,11,7915.74539579362,7347.76618436515
130,12,7987.8535803537,7367.7661843905
131,2,8041.72412898032,7942.71857836434
131,3,7683.76836510032,7532.65462994962
131,4,7567.46411670088,7364.24219701546
131,5,7530.76881501543,7275.4387107953
131,6,7561.34473952751,7253.90645077265
131,7,7628.75357334542,7269.20710005584
131,8,7700.41529284491,7288.7606350206
131,9,7771.52960324608,7307.76676088705
131,10,7843.63727502343,7327.76624812968
131,11,7915.74539579266,7347.76618436419
131,12,7987.85509428553,7367.76769832233
132,2,8041.72412898032,7942.71857836434
132,3,7683.7683651043,7532.6546299536
132,4,7567.46411670095,7364.24219701554
132,5,7530.7688150155,7275.43871079536
132,6,7561.34474493825,7253.90645618339
132,7,7629.20558696309,7269.65911367351
132,8,7699.56324073187,7287.90858290756
132,9,7772.52332687662,7308.76048451759
132,10,7843.63721125913,7327.76618436538
132,11,7915.77038421281,7347.79117278434
132,12,7987.8535803288,7367.76618436561
133,2,8041.72412898032,7942.71857836434
133,3,7683.76836509908,7532.65462994839
133,4,7647.07306358618,7443.85114390076
133,5,7530.76881501515,7275.43871079501
133,6,7561.34475549594,7253.90646674108
133,7,7629.22393031756,7269.67745702797
133,8,7700.48687044069,7288.83221261638
133,9,7772.53444883101,7308.77160647198
133,10,7843.87908144205,7328.0080545483
133,11,7915.74567728162,7347.76646585315
133,12,7987.85418896898,7367.76679300579
134,2,8041.72412898032,7942.71857836434
134,3,7683.76836521697,7532.65463006628
134,4,7618.14062506606,7414.91870538064
134,5,7530.76881501533,7275.43871079519
134,6,7561.34488292635,7253.90659417149
134,7,7628.65891935707,7269.11244606749
134,8,7700.4349175351,7288.7802597108
134,9,7771.64642528749,7307.88358292846
134,10,7843.63805552665,7327.7670286329
134,11,7915.74539584132,7347.76618441285
134,12,7987.85358032229,7367.76618435909
135,2,8041.72412898032,7942.71857836434
135,3,7683.76836508108,7532.65462993039
135,4,7567.46411670084,7364.24219701543
135,5,7530.76881501527,7275.43871079513
135,6,7561.34492922882,7253.90664047396
135,7,7628.70154259123,7269.15506930165
135,8,7699.70894782589,7288.05429000159
135,9,7772.57923381453,7308.81639145551
135,10,7844.63147495306,7328.76044805931
135,11,7915.74539579177,7347.7661843633
135,12,7987.85358032095,7367.76618435776
136,2,8041.72412898032,7942.71857836434
136,3,7683.76836526198,7532.65463011128
136,4,7567.46411670114,7364.24219701572
136,5,7530.76881501541,7275.43871079527
136,6,7561.34478542078,7253.90649666592
136,7,7629.28020581003,7269.73373252044
136,8,7699.66907164184,7288.01441381754
136,9,7771.71341115335,7307.95056879432
136,10,7843.63721125207,7327.76618435832
136,11,7915.74689495731,7347.76768352883
136,12,7987.85363019342,7367.76623423022
137,2,8041.72412898032,7942.71857836434
137,3,7872.78151944998,7721.66778429929
137,4,7567.46411670116,7364.24219701574
137,5,7530.76881501521,7275.43871079507
137,6,7561.34474990591,7253.90646115105
137,7,7629.19575331011,7269.64928002053
137,8,7700.88487333216,7289.23021550785
137,9,7772.523290404,7308.76044804497
137,10,7843.6372112768,7327.76618438305
137,11,7915.74648622491,7347.76727479644
137,12,7987.85358032977,7367.76618436658
138,2,8041.72412898032,7942.71857836434
138,3,7683.76836526239,7532.65463011169
138,4,7567.46411670096,7364.24219701555
138,5,7530.76881501583,7275.43871079569
138,6,7561.34474010482,7253.90645134996
138,7,7628.52463874685,7268.97816545727
138,8,7699.73859192511,7288.0839341008
138,9,7771.63822923151,7307.87538687248
138,10,7843.6372112525,7327.76618435874
138,11,7915.74539578436,7347.76618435589
138,12,7987.85358032179,7367.7661843586
139,2,8041.72412898032,7942.71857836434
139,3,7683.76836513994,7532.65462998924
139,4,7567.46411670112,7364.2421970157
139,5,7598.04008605912,7342.70998183899
139,6,7561.34473817702,7253.90644942216
139,7,7629.19613157621,7269.64965828663
139,8,7699.70502215504,7288.05036433074
139,9,7771.72342238495,7307.96058002592
139,10,7843.67473094608,7327.80370405233
139,11,7915.74539579921,7347.76618437074
139,12,7987.86224403445,7367.77484807126
140,2,8041.72412898032,7942.71857836434
140,3,7683.76836513033,7532.65462997964
140,4,7567.46411670085,7364.24219701543
140,5,7530.76881501534,7275.4387107952
140,6,7561.34474722315,7253.90645846829
140,7,7628.52438370945,7268.97791041987
140,8,7701.30324746701,7289.6485896427
140,9,7771.54294329461,7307.78010093558
140,10,7844.05305166487,7328.18202477112
140,11,7915.74539596544,7347.76618453696
140,12,7987.85358032984,7367.76618436665
141,2,8041.72412898032,7942.71857836434
141,3,7683.76836590136,7532.65463075067
141,4,7567.46411670081,7364.2421970154
141,5,7530.76881501539,7275.43871079525
141,6,7561.34484247829,7253.90655372343
141,7,7632.87127551463,7273.32480222505
141,8,7699.60816672073,7287.95350889643
141,9,7771.64978737791,7307.88694501888
141,10,7844.63147495582,7328.76044806207
141,11,7915.74641611744,7347.76720468897
141,12,7987.93828713533,7367.85089117214
142,2,8041.72412898032,7942.71857836434
142,3,7683.76836510615,7532.65462995546
142,4,7567.46411670136,7364.24219701594
142,5,7530.76881501512,7275.43871079498
142,6,7561.3450472729,7253.90675851804
142,7,7628.52509891187,7268.97862562228
142,8,7700.42917688326,7288.77451905896
142,9,7771.84195300187,7308.07911064284
142,10,7843.64145998337,7327.77043308962
142,11,7915.74539578854,7347.76618436007
142,12,7987.85358032711,7367.76618436392
143,2,8041.72412898032,7942.71857836434
143,3,7683.7683650605,7532.65462990981
143,4,7567.46411670081,7364.2421970154
143,5,7530.76881501584,7275.4387107957
143,6,7561.34478312914,7253.90649437428
143,7,7629.19816622884,7269.65169293926
143,8,7699.72896773436,7288.07430991005
143,9,7771.52905067083,7307.7662083118
143,10,7843.63721525214,7327.76618835839
143,11,7915.74539678932,7347.76618536085
143,12,7987.85358033413,7367.76618437094
144,2,8041.72412898032,7942.71857836434
144,3,7683.76836506445,7532.65462991376
144,4,7567.46411670089,7364.24219701547
144,5,7530.76881501548,7275.43871079534
144,6,7561.34474407784,7253.90645532298
144,7,7628.78712307788,7269.2406497883
144,8,7699.64422505932,7287.98956723502
144,9,7771.76616378263,7308.0033214236
144,10,7843.63722815256,7327.76620125881
144,11,7915.74539579999,7347.76618437152
144,12,7987.85358033839,7367.76618437519
145,2,8041.72412898032,7942.71857836434
145,3,7683.76836506169,7532.654629911
145,4,7567.46411670049,7364.24219701507
145,5,7530.7688150153,7275.43871079517
145,6,7561.344737973,7253.90644921814
145,7,7628.66684713729,7269.1203738477
145,8,7699.57312418096,7287.91846635666
145,9,7772.77319633882,7309.01035397979
145,10,7843.63721125671,7327.76618436296
145,11,7915.7453957954,7347.76618436693
145,12,7987.8535803322,7367.76618436901
146,2,8041.72412898032,7942.71857836434
146,3,7683.76836510562,7532.65462995492
146,4,7567.46411670021,7364.2421970148
146,5,7598.0404044531,7342.71030023296
146,6,7561.34476423219,7253.90647547733
146,7,7628.69796418593,7269.15149089634
146,8,7699.75533940104,7288.10068157674
146,9,7771.53103726607,7307.76819490704
146,10,7843.73499007931,7327.86396318555
146,11,7915.86244491753,7347.88323348906
146,12,7987.85358032387,7367.76618436068
147,2,8041.72412898032,7942.71857836434
147,3,7683.76836509528,7532.65462994458
147,4,7567.46411670107,7364.24219701565
147,5,7530.76881501538,7275.43871079524
147,6,7561.3448495171,7253.90656076224
147,7,7629.19586006115,7269.64938677157
147,8,7699.63883587913,7287.98417805482
147,9,7772.52770968813,7308.7648673291
147,10,7844.6314749333,7328.76044803955
147,11,7915.74539578794,7347.76618435946
147,12,7987.85358035491,7367.76618439171
148,2,8041.72412898032,7942.71857836434
148,3,7683.7683653326,7532.65463018191
148,4,7567.4641167011,7364.24219701568
148,5,7530.7688150152,7275.43871079506
148,6,7561.34709525817,7253.90880650331
148,7,7629.20087371666,7269.65440042707
148,8,7699.60989654701,7287.9552387227
148,9,7772.52329039873,7308.7604480397
148,10,7844.63147493312,7328.76044803937
148,11,7915.74539578912,7347.76618436065
148,12,7987.8535803223,7367.7661843591
149,2,8041.72412898032,7942.71857836434
149,3,7683.76836518784,7532.65463003715
149,4,7567.46411670126,7364.24219701585
149,5,7530.7688150153,7275.43871079516
149,6,7561.34473850134,7253.90644974648
149,7,7631.20660794772,7271.66013465813
149,8,7699.69292926108,7288.03827143677
149,9,7771.70351415297,7307.94067179394
149,10,7843.63721188912,7327.76618499537
149,11,7915.78050832071,7347.80129689224
149,12,7987.85358032822,7367.76618436503
150,2,8041.72412898032,7942.71857836434
150,3,7872.78151944986,7721.66778429916
150,4,7567.46411670012,7364.2421970147
150,5,7530.76881501597,7275.43871079583
150,6,7561.34476709115,7253.90647833629
150,7,7628.6577395274,7269.11126623781
150,8,7700.56288529948,7288.90822747518
150,9,7771.67215300134,7307.90931064231
150,10,7843.63763476465,7327.7666078709
150,11,7915.74539580109,7347.76618437262
150,12,7987.85358033141,7367.76618436822
151,2,8041.72412898032,7942.71857836434
151,3,7683.76836509824,7532.65462994755
151,4,7567.46411670092,7364.24219701551
151,5,7530.76881501501,7275.43871079487
151,6,7561.34557828996,7253.9072895351
151,7,7628.5246608216,7268.97818753202
151,8,7700.75891434834,7289.10425652404
151,9,7771.53550728376,7307.77266492473
151,10,7843.63721125909,7327.76618436534
151,11,7915.74539578617,7347.76618435769
151,12,7987.85358032703,7367.76618436384
152,2,8041.72412898032,7942.71857836434
152,3,7683.7683650991,7532.65462994841
152,4,7567.46411670135,7364.24219701593
152,5,7530.76881501521,7275.43871079507
152,6,7561.34474008861,7253.90645133375
152,7,7628.64655558019,7269.1000822906
152,8,7700.41510629984,7288.76044847554
152,9,7771.57547219487,7307.81262983585
152,10,7843.66000281546,7327.78897592172
152,11,7915.74584652611,7347.76663509763
152,12,7987.85358032853,7367.76618436533
153,2,8041.72412898032,7942.71857836434
153,3,7683.76836510302,7532.65462995232
153,4,7567.46411670094,7364.24219701553
153,5,7530.76881501559,7275.43871079545
153,6,7561.34473812864,7253.90644937378
153,7,7629.20325990023,7269.65678661065
153,8,7700.59977354798,7288.94511572367
153,9,7772.52342489524,7308.76058253621
153,10,7843.77367136151,7327.90264446776
153,11,7915.74539578868,7347.7661843602
153,12,7987.85358032153,7367.76618435833
154,2,8041.72412898032,7942.71857836434
154,3,7683.76836509499,7532.6546299443
154,4,7567.46411670077,7364.24219701536
154,5,7530.76881501529,7275.43871079515
154,6,7561.34473826221,7253.90644950735
154,7,7628.64915073412,7269.10267744453
154,8,7700.84630642711,7289.19164860281
154,9,7772.52329976176,7308.76045740273
154,10,7843.70568318801,7327.83465629426
154,11,7915.74539578874,7347.76618436027
154,12,7987.8535803214,7367.76618435821
155,2,8041.72412898032,7942.71857836434
155,3,7683.76836506103,7532.65462991033
155,4,7567.46411670098,7364.24219701557
155,5,7530.76881501543,7275.4387107953
155,6,7561.34473791991,7253.90644916505
155,7,7628.66523599662,7269.11876270704
155,8,7699.7160712018,7288.06141337749
155,9,7771.53023955016,7307.76739719114
155,10,7843.63721126128,7327.76618436753
155,11,7915.74539578711,7347.76618435864
155,12,7987.85358032009,7367.7661843569
156,2,8041.72412898032,7942.71857836434
156,3,7683.76836509949,7532.6546299488
156,4,7567.46411670084,7364.24219701543
156,5,7530.76881501496,7275.43871079482
156,6,7561.35255609451,7253.91426733965
156,7,7629.20361858334,7269.65714529376
156,8,7700.41588360777,7288.76122578346
156,9,7771.53551722626,7307.77267486723
156,10,7843.72988887715,7327.8588619834
156,11,7915.74553110348,7347.76631967501
156,12,7987.85358032541,7367.76618436222
157,2,8041.72412898032,7942.71857836434
157,3,7683.7683650614,7532.65462991071
157,4,7567.46411670078,7364.24219701537
157,5,7530.76881501541,7275.43871079527
157,6,7561.34474181222,7253.90645305736
157,7,7628.74609549402,7269.19962220444
157,8,7699.66481801161,7288.0101601873
157,9,7771.71633656017,7307.95349420114
157,10,7843.73253651024,7327.86150961648
157,11,7915.74539579649,7347.76618436802
157,12,7987.85720620341,7367.76981024022
158,2,8041.72412898032,7942.71857836434
158,3,7683.76836518848,7532.65463003779
158,4,7567.46411670087,7364.24219701546
158,5,7530.76881501555,7275.43871079541
158,6,7561.34478202119,7253.90649326633
158,7,7628.79302143264,7269.24654814306
158,8,7699.67848337567,7288.02382555137
158,9,7771.79717791164,7308.03433555261
158,10,7843.73908176911,7327.86805487536
158,11,7915.74539581265,7347.76618438418
158,12,7987.85358031951,7367.76618435631
159,2,8041.72412898032,7942.71857836434
159,3,7872.78151944979,7721.6677842991
159,4,7567.46411670091,7364.24219701549
159,5,7530.76881501522,7275.43871079508
159,6,7561.34475977459,7253.90647101973
159,7,7628.67939371375,7269.13292042417
159,8,7699.78551967633,7288.13086185203
159,9,7772.52329039329,7308.76044803426
159,10,7843.63734338245,7327.7663164887
159,11,7915.74539581885,7347.76618439038
159,12,7987.85358032776,7367.76618436457
160,2,8041.72412898032,7942.71857836434
160,3,7683.76836511068,7532.65462995998
160,4,7567.46411670101,7364.24219701559
160,5,7530.76881501504,7275.4387107949
160,6,7561.3447391824,7253.90645042754
160,7,7629.19666263572,7269.65018934613
160,8,7699.66565735021,7288.0109995259
160,9,7772.52941055489,7308.76656819586
160,10,7843.64481237412,7327.77378548037
160,11,7915.74539582013,7347.76618439166
160,12,7987.85358036354,7367.76618440035
161,2,8041.72412898032,7942.71857836434
161,3,7683.76836511155,7532.65462996085
161,4,7567.46411670089,7364.24219701547
161,5,7530.76881501582,7275.43871079568
161,6,7561.34473810326,7253.9064493484
161,7,7628.5242689576,7268.97779566802
161,8,7699.61421235764,7287.95955453333
161,9,7771.53208708185,7307.76924472282
161,10,7843.77874048988,7327.90771359614
161,11,7916.73965946234,7348.76044803387
161,12,7987.85358032496,7367.76618436176
162,2,8041.72412898032,7942.71857836434
162,3,7683.76836527027,7532.65463011958
162,4,7567.4641167016,7364.24219701618
162,5,7530.76881501524,7275.4387107951
162,6,7561.34474058382,7253.90645182896
162,7,7628.5262004447,7268.97972715511
162,8,7703.99062265441,7292.3359648301
162,9,7772.52373524561,7308.76089288658
162,10,7843.63725080407,7327.76622391032
162,11,7915.74539579295,7347.76618436448
162,12,7987.85358032266,7367.76618435946
163,2,8041.72412898032,7942.71857836434
163,3,7683.76836510237,7532.65462995168
163,4,7567.46411670118,7364.24219701576
163,5,7530.76881501527,7275.43871079514
163,6,7561.34474079597,7253.90645204111
163,7,7629.19519955654,7269.64872626696
163,8,7699.67387805892,7288.01922023461
163,9,7771.56862193451,7307.80577957548
163,10,7843.63998080055,7327.7689539068
163,11,7915.76991347329,7347.79070204482
163,12,7987.85358032497,7367.76618436177
164,2,8041.72412898032,7942.71857836434
164,3,7683.76836511902,7532.65462996833
164,4,7567.4641167009,7364.24219701548
164,5,7530.76881501593,7275.43871079579
164,6,7561.34475308666,7253.90646433179
164,7,7628.52427351085,7268.97780022127
164,8,7700.44388471942,7288.78922689512
164,9,7771.68177376711,7307.91893140808
164,10,7843.67180178644,7327.80077489269
164,11,7915.74539579287,7347.7661843644
164,12,7987.85358050073,7367.76618453754
165,2,8041.72412898032,7942.71857836434
165,3,7683.76836506008,7532.65462990938
165,4,7567.46411670098,7364.24219701556
165,5,7530.76881501542,7275.43871079528
165,6,7561.34474424921,7253.90645549434
165,7,7628.52442439675,7268.97795110716
165,8,7699.74945529468,7288.09479747038
165,9,7771.78332752713,7308.0204851681
165,10,7844.63147464571,7328.76044775196
165,11,7915.74539578777,7347.76618435929
165,12,7987.85358032867,7367.76618436548
166,2,8041.72412898032,7942.71857836434
166,3,7683.76836519379,7532.6546300431
166,4,7567.46411670122,7364.2421970158
166,5,7598.04005033078,7342.70994611064
166,6,7561.34473870199,7253.90644994713
166,7,7629.19531816735,7269.64884487776
166,8,7699.63280160796,7287.97814378365
166,9,7773.429115866,7309.66627350698
166,10,7843.66917581949,7327.79814892574
166,11,7915.74539582321,7347.76618439474
166,12,7987.85358033683,7367.76618437364
167,2,8041.72412898032,7942.71857836434
167,3,7683.76836510648,7532.65462995579
167,4,7567.46411670143,7364.24219701601
167,5,7530.76881501592,7275.43871079578
167,6,7561.34475005618,7253.90646130131
167,7,7633.45308939537,7273.90661610579
167,8,7700.63443355018,7288.97977572588
167,9,7771.63027721146,7307.86743485243
167,10,7843.63778488828,7327.76675799453
167,11,7916.73965947509,7348.76044804662
167,12,7987.85358032302,7367.76618435982
168,2,8041.72412898032,7942.71857836434
168,3,7683.76836510059,7532.65462994989
168,4,7567.46411670128,7364.24219701587
168,5,7530.76881501504,7275.4387107949
168,6,7561.34600951711,7253.90772076225
168,7,7629.20884459521,7269.66237130562
168,8,7699.61351899816,7287.95886117385
168,9,7771.76616204422,7308.00331968519
168,10,7843.63723782969,7327.76621093594
168,11,7915.8581618625,7347.87895043403
168,12,7987.85358033025,7367.76618436705
169,2,8041.72412898032,7942.71857836434
169,3,7683.76836506006,7532.65462990936
169,4,7567.46411670152,7364.2421970161
169,5,7530.7688150157,7275.43871079556
169,6,7561.34473798022,7253.90644922536
169,7,7629.3000173952,7269.75354410561
169,8,7700.43472958045,7288.78007175615
169,9,7771.92306701523,7308.1602246562
169,10,7843.67366618685,7327.80263929311
169,11,7915.74539578841,7347.76618435994
169,12,7987.85358032058,7367.76618435738
170,2,8041.72412898032,7942.71857836434
170,3,7683.76836528289,7532.6546301322
170,4,7567.46411670111,7364.24219701569
170,5,7530.76881501551,7275.43871079537
170,6,7561.34474151298,7253.90645275812
170,7,7628.78712006667,7269.24064677709
170,8,7700.42041480567,7288.76575698137
170,9,7771.53249090296,7307.76964854393
170,10,7843.63721125307,7327.76618435932
170,11,7915.74632706181,7347.76711563334
170,12,7987.85358037101,7367.76618440781
171,2,8041.72412898032,7942.71857836434
171,3,7683.76836511033,7532.65462995964
171,4,7567.46411670036,7364.24219701494
171,5,7530.76881501502,7275.43871079488
171,6,7602.87699955008,7295.43871079521
171,7,7628.6581381236,7269.11166483402
171,8,7699.6003120068,7287.9456541825
171,9,7771.69832721538,7307.93548485635
171,10,7843.68970316873,7327.81867627498
171,11,7915.74539579205,7347.76618436358
171,12,7987.85884584854,7367.77144988534
172,2,8041.72412898032,7942.71857836434
172,3,7683.76836509698,7532.65462994629
172,4,7567.46411670127,7364.24219701585
172,5,7530.76881501535,7275.43871079521
172,6,7561.34473795727,7253.90644920241
172,7,7629.1958541141,7269.64938082452
172,8,7700.42297563259,7288.76831780829
172,9,7771.84213638765,7308.07929402862
172,10,7843.76359780885,7327.8925709151
172,11,7916.7396594685,7348.76044804003
172,12,7987.85358032861,7367.76618436542
173,2,8041.72412898032,7942.71857836434
173,3,7683.76836510092,7532.65462995022
173,4,7567.46411670098,7364.24219701557
173,5,7530.76881501529,7275.43871079515
173,6,7561.34475349124,7253.90646473638
173,7,7629.19479674851,7269.64832345893
173,8,7699.60007080995,7287.94541298564
173,9,7771.58455173365,7307.82170937462
173,10,7844.6314749298,7328.76044803605
173,11,7915.78322605771,7347.80401462923
173,12,7987.85672550926,7367.76932954607
174,2,8041.72412898032,7942.71857836434
174,3,7683.76836521879,7532.6546300681
174,4,7567.46411670122,7364.2421970158
174,5,7530.76881501581,7275.43871079567
174,6,7599.26075678007,7291.82246802521
174,7,7628.68225674627,7269.13578345669
174,8,7699.71194006211,7288.0572822378
174,9,7772.56538368445,7308.80254132543
174,10,7843.68598369521,7327.81495680146
174,11,7915.82679623847,7347.84758481
174,12,7987.85675608707,7367.76936012388
175,2,8041.72412898032,7942.71857836434
175,3,7683.76836512397,7532.65462997327
175,4,7567.46411670102,7364.2421970156
175,5,7530.76881501518,7275.43871079504
175,6,7561.34595615239,7253.90766739753
175,7,7629.26637771595,7269.71990442637
175,8,7699.61987073464,7287.96521291034
175,9,7771.59800868513,7307.83516632611
175,10,7843.63779661363,7327.76676971988
175,11,7915.74539579086,7347.76618436239
175,12,7987.85358032085,7367.76618435766
176,2,8041.72412898032,7942.71857836434
176,3,7683.76836510975,7532.65462995905
176,4,7567.46411670078,7364.24219701536
176,5,7530.76881501548,7275.43871079534
176,6,7561.34478217679,7253.90649342193
176,7,7628.6569199069,7269.11044661731
176,8,7700.48243261414,7288.82777478983
176,9,7771.53747292598,7307.77463056695
176,10,7843.63721194178,7327.76618504803
176,11,7915.74539579992,7347.76618437145
176,12,7987.85494607787,7367.76755011468
177,2,8041.72412898032,7942.71857836434
177,3,7683.76836516006,7532.65463000936
177,4,7567.46411670118,7364.24219701576
177,5,7598.0400565361,7342.70995231596
177,6,7561.34474841874,7253.90645966388
177,7,7629.19950997077,7269.65303668119
177,8,7700.58931050891,7288.93465268461
177,9,7771.92800031906,7308.16515796003
177,10,7843.6525043055,7327.78147741175
177,11,7915.74539579906,7347.76618437059
177,12,7987.85358035293,7367.76618438974
178,2,8041.72412898032,7942.71857836434
178,3,7683.76836525903,7532.65463010833
178,4,7567.46411670093,7364.24219701552
178,5,7530.76881501524,7275.4387107951
178,6,7561.34473985585,7253.90645110099
178,7,7628.65531262235,7269.10883933277
178,8,7699.66293718313,7288.00827935883
178,9,7771.72490823102,7307.96206587199
178,10,7843.63758532648,7327.76655843273
178,11,7915.75688349262,7347.77767206415
178,12,7987.85358032377,7367.76618436057
179,2,8041.72412898032,7942.71857836434
179,3,7683.76836506032,7532.65462990962
179,4,7567.46411670084,7364.24219701542
179,5,7530.76881501536,7275.43871079522
179,6,7561.34504912071,7253.90676036585
179,7,7629.21589290145,7269.66941961187
179,8,7699.77096467337,7288.11630684907
179,9,7772.52855428592,7308.76571192689
179,10,7844.63147492996,7328.76044803621
179,11,7915.74539603276,7347.76618460429
179,12,7987.85358032226,7367.76618435907
180,2,8041.72412898032,7942.71857836434
180,3,7683.76836506094,7532.65462991024
180,4,7567.46411670102,7364.2421970156
180,5,7530.7688150151,7275.43871079496
180,6,7561.34616455998,7253.90787580512
180,7,7633.45298152345,7273.90650823387
180,8,7700.41510842679,7288.76045060249
180,9,7771.54170720453,7307.7788648455
180,10,7843.63721128295,7327.7661843892
180,11,7915.74539579662,7347.76618436815
180,12,7987.85358032494,7367.76618436175
181,2,8041.72412898032,7942.71857836434
181,3,7683.76836530678,7532.65463015609
181,4,7567.46411670096,7364.24219701554
181,5,7530.76881501552,7275.43871079538
181,6,7561.34488378446,7253.9065950296
181,7,7628.72707066002,7269.18059737044
181,8,7699.68784379908,7288.03318597478
181,9,7771.59085522757,7307.82801286854
181,10,7843.63724226007,7327.76621536632
181,11,7915.75409529117,7347.7748838627
181,12,7987.8535803277,7367.7661843645
182,2,8041.72412898032,7942.71857836434
182,3,7683.76836510272,7532.65462995202
182,4,7567.46411670067,7364.24219701525
182,5,7530.76881501514,7275.438710795
182,6,7561.71726548305,7254.27897672819
182,7,7629.217585582,7269.67111229242
182,8,7699.78315996601,7288.12850214171
182,9,7772.52329039346,7308.76044803443
182,10,7844.63147492862,7328.76044803488
182,11,7915.85431223616,7347.87510080768
182,12,7987.85377367742,7367.76637771423
183,2,8041.72412898032,7942.71857836434
183,3,7683.76836509876,7532.65462994807
183,4,7567.46411670129,7364.24219701588
183,5,7598.04003987402,7342.70993565388
183,6,7561.34473824067,7253.90644948581
183,7,7633.45294042686,7273.90646713728
183,8,7699.65210138788,7287.99744356358
183,9,7771.68420560269,7307.92136324366
183,10,7843.63721125428,7327.76618436053
183,11,7915.74539579003,7347.76618436156
183,12,7987.85358032663,7367.76618436344
184,2,8041.72412898032,7942.71857836434
184,3,7683.76836524274,7532.65463009204
184,4,7567.46411670079,7364.24219701537
184,5,7530.76881501535,7275.43871079521
184,6,7561.34541830243,7253.90712954757
184,7,7633.45430496891,7273.90783167933
184,8,7700.59407457935,7288.93941675505
184,9,7771.71165784835,7307.94881548932
184,10,7843.75693114605,7327.8859042523
184,11,7915.74539580387,7347.7661843754
184,12,7987.85358033769,7367.76618437449
185,2,8041.72412898032,7942.71857836434
185,3,7683.76836518426,7532.65463003357
185,4,7567.46411670136,7364.24219701594
185,5,7530.7688150152,7275.43871079506
185,6,7561.3462772672,7253.90798851234
185,7,7628.74077109364,7269.19429780406
185,8,7699.61872814073,7287.96407031642
185,9,7771.73057628756,7307.96773392853
185,10,7843.78682244392,7327.91579555017
185,11,7915.74540239624,7347.76619096776
185,12,7987.85358033482,7367.76618437162
186,2,8041.72412898032,7942.71857836434
186,3,7683.76836511233,7532.65462996164
186,4,7567.46411670088,7364.24219701547
186,5,7530.76881501516,7275.43871079502
186,6,7561.34473828944,7253.90644953458
186,7,7628.64957365956,7269.10310036998
186,8,7699.78252264912,7288.12786482481
186,9,7771.71052145006,7307.94767909103
186,10,7843.63775133876,7327.76672444501
186,11,7915.74539580046,7347.76618437199
186,12,7987.85358032921,7367.76618436602
187,2,8041.72412898032,7942.71857836434
187,3,7683.76836523616,7532.65463008547
187,4,7567.46411670102,7364.24219701561
187,5,7598.04004345023,7342.70993923009
187,6,7561.34474427555,7253.90645552069
187,7,7629.23725049589,7269.69077720631
187,8,7700.894255587,7289.23959776269
187,9,7771.52919156084,7307.76634920181
187,10,7843.64385224058,7327.77282534682
187,11,7915.76478063829,7347.78556920982
187,12,7987.85358079486,7367.76618483167
188,2,8041.72412898032,7942.71857836434
188,3,7683.76836511594,7532.65462996524
188,4,7618.13913222576,7414.91721254034
188,5,7598.04005389519,7342.70994967505
188,6,7561.34598530635,7253.90769655149
188,7,7628.52476328131,7268.97828999172
188,8,7700.42339317841,7288.7687353541
188,9,7772.52329039472,7308.76044803569
188,10,7843.63721127837,7327.76618438462
188,11,7915.7453957879,7347.76618435943
188,12,7987.85358034474,7367.76618438154
189,2,8041.72412898032,7942.71857836434
189,3,7683.76836506266,7532.65462991196
189,4,7567.46411670104,7364.24219701562
189,5,7530.76881501516,7275.43871079502
189,6,7561.34605773482,7253.90776897996
189,7,7628.52427125583,7268.97779796624
189,8,7699.80143973822,7288.14678191392
189,9,7771.55825273102,7307.79541037199
189,10,7843.75489066601,7327.88386377226
189,11,7915.74539586147,7347.766184433
189,12,7987.85364437317,7367.76624840997
190,2,8041.72412898032,7942.71857836434
190,3,7683.76836511057,7532.65462995987
190,4,7567.464116701,7364.24219701559
190,5,7530.76881501515,7275.43871079501
190,6,7561.34618021255,7253.90789145769
190,7,7629.20744535118,7269.66097206159
190,8,7699.98516960571,7288.33051178141
190,9,7771.54950858684,7307.78666622781
190,10,7843.85582546825,7327.9847985745
190,11,7915.74574062602,7347.76652919755
190,12,7987.85358035232,7367.76618438913
191,2,8041.72412898032,7942.71857836434
191,3,7683.76836510033,7532.65462994963
191,4,7647.07306341509,7443.85114372967
191,5,7530.76881501556,7275.43871079542
191,6,7561.34477793873,7253.90648918386
191,7,7628.52480933267,7268.97833604309
191,8,7700.4378318612,7288.78317403689
191,9,7771.69302833279,7307.93018597376
191,10,7843.69362733529,7327.82260044154
191,11,7915.74539581107,7347.76618438259
191,12,7987.85358035434,7367.76618439115
192,2,8041.72412898032,7942.71857836434
192,3,7683.76836506123,7532.65462991053
192,4,7567.464116701,7364.24219701558
192,5,7530.76881501561,7275.43871079548
192,6,7561.34475169368,7253.90646293882
192,7,7628.64771486273,7269.10124157315
192,8,7699.75879653981,7288.1041387155
192,9,7771.6233598223,7307.86051746327
192,10,7844.63147492606,7328.76044803231
192,11,7915.74540704913,7347.76619562066
192,12,7987.85358038435,7367.76618442115
193,2,8041.72412898032,7942.71857836434
193,3,7683.7683653238,7532.6546301731
193,4,7567.46411670126,7364.24219701584
193,5,7530.76881501533,7275.43871079519
193,6,7561.34541772369,7253.90712896883
193,7,7628.52563410796,7268.97916081838
193,8,7700.41548341034,7288.76082558604
193,9,7772.57672266463,7308.8138803056
193,10,7843.6375985001,7327.76657160635
193,11,7915.74539581536,7347.76618438689
193,12,7987.8535803209,7367.76618435771
194,2,8041.72412898032,7942.71857836434
194,3,7683.7683652889,7532.65463013821
194,4,7567.46411670078,7364.24219701536
194,5,7530.76881501548,7275.43871079534
194,6,7561.34611398427,7253.90782522941
194,7,7628.52426796884,7268.97779467926
194,8,7699.72683556219,7288.07217773789
194,9,7772.54297207488,7308.78012971586
194,10,7843.63721133865,7327.7661844449
194,11,7915.74591843638,7347.7667070079
194,12,7987.85358032096,7367.76618435777
195,2,8041.72412898032,7942.71857836434
195,3,7683.76836509902,7532.65462994832
195,4,7647.07306341475,7443.85114372933
195,5,7530.76881501561,7275.43871079548
195,6,7561.71720650562,7254.27891775076
195,7,7628.64829036188,7269.1018170723
195,8,7699.57869013774,7287.92403231343
195,9,7771.78241911202,7308.01957675299
195,10,7843.63721847443,7327.76619158068
195,11,7915.89048674452,7347.91127531605
195,12,7987.85358032596,7367.76618436276
196,2,8041.72412898032,7942.71857836434
196,3,7683.76836526262,7532.65463011192
196,4,7567.46411670092,7364.2421970155
196,5,7530.76881501541,7275.43871079527
196,6,7561.34537791753,7253.90708916267
196,7,7628.5242718619,7268.97779857232
196,8,7700.41552108773,7288.76086326342
196,9,7772.52738656237,7308.76454420334
196,10,7843.65308520493,7327.78205831118
196,11,7915.7471245605,7347.76791313203
196,12,7987.8544981547,7367.7671021915
197,2,8041.72412898032,7942.71857836434
197,3,7683.76836514042,7532.65462998972
197,4,7567.46411670091,7364.2421970155
197,5,7530.76881501556,7275.43871079542
197,6,7599.15400018257,7291.71571142771
197,7,7628.66382541298,7269.1173521234
197,8,7700.4151142744,7288.76045645009
197,9,7771.56412036164,7307.80127800261
197,10,7843.64843319802,7327.77740630427
197,11,7915.74539723113,7347.76618580266
197,12,7987.85358031808,7367.76618435488
198,2,8041.72412898032,7942.71857836434
198,3,7683.76836510532,7532.65462995463
198,4,7567.4641167008,7364.24219701538
198,5,7530.76881501562,7275.43871079548
198,6,7561.35685296721,7253.91856421234
198,7,7628.80016761227,7269.25369432269
198,8,7700.43050235351,7288.7758445292
198,9,7772.52329748263,7308.7604551236
198,10,7843.6372112603,7327.76618436655
198,11,7915.74568929714,7347.76647786867
198,12,7987.85358032501,7367.76618436182
199,2,8041.72412898032,7942.71857836434
199,3,7683.76836510585,7532.65462995515
199,4,7567.464116701,7364.24219701558
199,5,7530.76881501571,7275.43871079557
199,6,7561.34474681792,7253.90645806306
199,7,7629.20786088569,7269.66138759611
199,8,7700.41522069606,7288.76056287176
199,9,7771.71430074404,7307.95145838502
199,10,7843.64345675332,7327.77242985957
199,11,7915.74539579248,7347.76618436401
199,12,7987.85358032482,7367.76618436162
200,2,8041.72412898032,7942.71857836434
200,3,7683.76836507713,7532.65462992644
200,4,7567.46411670145,7364.24219701604
200,5,7530.76881501565,7275.43871079551
200,6,7561.34475774549,7253.90646899063
200,7,7629.25234640758,7269.70587311799
200,8,7700.58884787397,7288.93419004966
200,9,7771.69263898666,7307.92979662763
200,10,7843.63721349665,7327.7661866029
200,11,7915.74539579666,7347.76618436819
200,12,7987.85367593691,7367.76627997372
