Class_Raw,LCA_class,Category,Probability,Variable,LCA_label
1,C1,Current asthma,0,group,"Asthmatic, highly atopic, severe/uncontrolled"
1,C1,Never asthma,1,group,"Asthmatic, highly atopic, severe/uncontrolled"
2,C2,Current asthma,0,group,"Asthmatic, non-atopic, severe/uncontrolled"
2,C2,Never asthma,1,group,"Asthmatic, non-atopic, severe/uncontrolled"
3,C3,Current asthma,1,group,"Asthmatic, atopic, mild/moderate, well controlled"
3,C3,Never asthma,0,group,"Asthmatic, atopic, mild/moderate, well controlled"
4,C4,Current asthma,1,group,"Control, non-atopic"
4,C4,Never asthma,0,group,"Control, non-atopic"
5,C5,Current asthma,1,group,"Asthmatic, non-atopic, mild/moderate, well controlled"
5,C5,Never asthma,0,group,"Asthmatic, non-atopic, mild/moderate, well controlled"
6,C6,Current asthma,1,group,"Control, atopic"
6,C6,Never asthma,0,group,"Control, atopic"
1,C1,Atopic,0.10151806645872959,sptpos,"Asthmatic, highly atopic, severe/uncontrolled"
1,C1,Non-atopic,0.8984819335412721,sptpos,"Asthmatic, highly atopic, severe/uncontrolled"
2,C2,Atopic,0.9999648164171027,sptpos,"Asthmatic, non-atopic, severe/uncontrolled"
2,C2,Non-atopic,3.5183582894031706e-5,sptpos,"Asthmatic, non-atopic, severe/uncontrolled"
3,C3,Atopic,0.10659838720296011,sptpos,"Asthmatic, atopic, mild/moderate, well controlled"
3,C3,Non-atopic,0.8934016127970527,sptpos,"Asthmatic, atopic, mild/moderate, well controlled"
4,C4,Atopic,0.9286840121339178,sptpos,"Control, non-atopic"
4,C4,Non-atopic,0.07131598786608095,sptpos,"Control, non-atopic"
5,C5,Atopic,1,sptpos,"Asthmatic, non-atopic, mild/moderate, well controlled"
5,C5,Non-atopic,1.1989641698536392e-27,sptpos,"Asthmatic, non-atopic, mild/moderate, well controlled"
6,C6,Atopic,0.05295481693158517,sptpos,"Control, atopic"
6,C6,Non-atopic,0.9470451830684015,sptpos,"Control, atopic"
1,C1,Negative,0.7405955860132807,phadpos,"Asthmatic, highly atopic, severe/uncontrolled"
1,C1,Positive,0.2594044139867203,phadpos,"Asthmatic, highly atopic, severe/uncontrolled"
2,C2,Negative,1.1636317748577617e-5,phadpos,"Asthmatic, non-atopic, severe/uncontrolled"
2,C2,Positive,0.999988363682248,phadpos,"Asthmatic, non-atopic, severe/uncontrolled"
3,C3,Negative,0.7499600435868169,phadpos,"Asthmatic, atopic, mild/moderate, well controlled"
3,C3,Positive,0.25003995641319876,phadpos,"Asthmatic, atopic, mild/moderate, well controlled"
4,C4,Negative,0.03224251232029921,phadpos,"Control, non-atopic"
4,C4,Positive,0.9677574876797005,phadpos,"Control, non-atopic"
5,C5,Negative,0.0017478308934145328,phadpos,"Asthmatic, non-atopic, mild/moderate, well controlled"
5,C5,Positive,0.9982521691065857,phadpos,"Asthmatic, non-atopic, mild/moderate, well controlled"
6,C6,Negative,0.664614290049606,phadpos,"Control, atopic"
6,C6,Positive,0.33538570995037686,phadpos,"Control, atopic"
1,C1,N/A (Control),1,acqscorecat,"Asthmatic, highly atopic, severe/uncontrolled"
1,C1,Uncontrolled,0,acqscorecat,"Asthmatic, highly atopic, severe/uncontrolled"
1,C1,Well controlled,0,acqscorecat,"Asthmatic, highly atopic, severe/uncontrolled"
2,C2,N/A (Control),1,acqscorecat,"Asthmatic, non-atopic, severe/uncontrolled"
2,C2,Uncontrolled,0,acqscorecat,"Asthmatic, non-atopic, severe/uncontrolled"
2,C2,Well controlled,0,acqscorecat,"Asthmatic, non-atopic, severe/uncontrolled"
3,C3,N/A (Control),0,acqscorecat,"Asthmatic, atopic, mild/moderate, well controlled"
3,C3,Uncontrolled,0.5530343840174324,acqscorecat,"Asthmatic, atopic, mild/moderate, well controlled"
3,C3,Well controlled,0.4469656159825842,acqscorecat,"Asthmatic, atopic, mild/moderate, well controlled"
4,C4,N/A (Control),0,acqscorecat,"Control, non-atopic"
4,C4,Uncontrolled,0.0982755597916515,acqscorecat,"Control, non-atopic"
4,C4,Well controlled,0.9017244402083466,acqscorecat,"Control, non-atopic"
5,C5,N/A (Control),0,acqscorecat,"Asthmatic, non-atopic, mild/moderate, well controlled"
5,C5,Uncontrolled,0.32052331971908943,acqscorecat,"Asthmatic, non-atopic, mild/moderate, well controlled"
5,C5,Well controlled,0.6794766802809078,acqscorecat,"Asthmatic, non-atopic, mild/moderate, well controlled"
6,C6,N/A (Control),0,acqscorecat,"Control, atopic"
6,C6,Uncontrolled,0.0995150739307872,acqscorecat,"Control, atopic"
6,C6,Well controlled,0.9004849260692104,acqscorecat,"Control, atopic"
1,C1,Mild/moderate asthma,0,severity_isaac,"Asthmatic, highly atopic, severe/uncontrolled"
1,C1,N/A (Control),1,severity_isaac,"Asthmatic, highly atopic, severe/uncontrolled"
1,C1,Severe asthma,0,severity_isaac,"Asthmatic, highly atopic, severe/uncontrolled"
2,C2,Mild/moderate asthma,0,severity_isaac,"Asthmatic, non-atopic, severe/uncontrolled"
2,C2,N/A (Control),1,severity_isaac,"Asthmatic, non-atopic, severe/uncontrolled"
2,C2,Severe asthma,0,severity_isaac,"Asthmatic, non-atopic, severe/uncontrolled"
3,C3,Mild/moderate asthma,1.64486464099896e-310,severity_isaac,"Asthmatic, atopic, mild/moderate, well controlled"
3,C3,N/A (Control),0,severity_isaac,"Asthmatic, atopic, mild/moderate, well controlled"
3,C3,Severe asthma,1,severity_isaac,"Asthmatic, atopic, mild/moderate, well controlled"
4,C4,Mild/moderate asthma,0.7575338992615459,severity_isaac,"Control, non-atopic"
4,C4,N/A (Control),0,severity_isaac,"Control, non-atopic"
4,C4,Severe asthma,0.24246610073844918,severity_isaac,"Control, non-atopic"
5,C5,Mild/moderate asthma,1.1777564400005232e-243,severity_isaac,"Asthmatic, non-atopic, mild/moderate, well controlled"
5,C5,N/A (Control),0,severity_isaac,"Asthmatic, non-atopic, mild/moderate, well controlled"
5,C5,Severe asthma,1,severity_isaac,"Asthmatic, non-atopic, mild/moderate, well controlled"
6,C6,Mild/moderate asthma,0.6045658074038152,severity_isaac,"Control, atopic"
6,C6,N/A (Control),0,severity_isaac,"Control, atopic"
6,C6,Severe asthma,0.39543419259616874,severity_isaac,"Control, atopic"
1,C1,Mild/moderate asthma,0,severity_12atac,"Asthmatic, highly atopic, severe/uncontrolled"
1,C1,N/A (Control),1,severity_12atac,"Asthmatic, highly atopic, severe/uncontrolled"
1,C1,Severe asthma,0,severity_12atac,"Asthmatic, highly atopic, severe/uncontrolled"
2,C2,Mild/moderate asthma,0,severity_12atac,"Asthmatic, non-atopic, severe/uncontrolled"
2,C2,N/A (Control),1,severity_12atac,"Asthmatic, non-atopic, severe/uncontrolled"
2,C2,Severe asthma,0,severity_12atac,"Asthmatic, non-atopic, severe/uncontrolled"
3,C3,Mild/moderate asthma,0.5185801974093346,severity_12atac,"Asthmatic, atopic, mild/moderate, well controlled"
3,C3,N/A (Control),0,severity_12atac,"Asthmatic, atopic, mild/moderate, well controlled"
3,C3,Severe asthma,0.4814198025906837,severity_12atac,"Asthmatic, atopic, mild/moderate, well controlled"
4,C4,Mild/moderate asthma,1,severity_12atac,"Control, non-atopic"
4,C4,N/A (Control),0,severity_12atac,"Control, non-atopic"
4,C4,Severe asthma,0,severity_12atac,"Control, non-atopic"
5,C5,Mild/moderate asthma,0.655201553694008,severity_12atac,"Asthmatic, non-atopic, mild/moderate, well controlled"
5,C5,N/A (Control),0,severity_12atac,"Asthmatic, non-atopic, mild/moderate, well controlled"
5,C5,Severe asthma,0.344798446305991,severity_12atac,"Asthmatic, non-atopic, mild/moderate, well controlled"
6,C6,Mild/moderate asthma,1,severity_12atac,"Control, atopic"
6,C6,N/A (Control),0,severity_12atac,"Control, atopic"
6,C6,Severe asthma,0,severity_12atac,"Control, atopic"
