p.value,fdr,p.holm,t.statistic,coefficient,coefficient.ci.high,coefficient.ci.low,coefficient.se,n,chromosome.x,position.x,probeID,beta,p,log10p,chromosome.y,position.y,gene.symbol,chromosome,position,gene,bonf
8.647694899224672e-13,7.472922842554798e-7,7.472922842554798e-7,-7.717714110213785,-0.16139444543602846,-0.12012217025510966,-0.20266672061694727,0.020912208347085005,183,chr5,129338100,cg23414262,-0.16139444543602846,8.647694899224672e-13,12.063099641200973,chr5,129338100,CHSY3,5,129338100,CHSY3,7.472922842554798e-7
2.276977819271777e-10,9.838274682396723e-5,1.9676526595015253e-4,-6.733840426850876,-0.15121778055846605,-0.1068979029523335,-0.1955376581645986,0.022456395009821165,183,chr11,75631360,cg00251121,-0.15121778055846605,2.276977819271777e-10,9.642641199957888,chr11,75631360,UVRAG,11,75631360,UVRAG,1.9676549364793446e-4
6.302456716276017e-10,1.8154268587611177e-4,5.44626797136992e-4,-6.545965384237225,-0.19887347443614442,-0.13891346808133678,-0.25883348079095203,0.030381076397842627,183,chr10,134833335,cg02401524,-0.19887347443614442,6.302456716276017e-10,9.200490128269054,chr10,134833335,,10,134833335,NA,5.446280576283353e-4
3.4605083635806236e-9,7.476013058512307e-4,0.0029903948418798323,-6.224609744198841,-0.11742241582249278,-0.0801920420465548,-0.15465278959843076,0.018864221316352743,183,chr9,124616283,cg14632071,-0.11742241582249278,3.4605083635806236e-9,8.46086009679094,chr9,124616283,TTLL11,9,124616283,TTLL11,0.002990405223404923
7.560412481100993e-9,0.001306669113273677,0.006533315324718461,-6.073846846031822,-0.3240160147771866,-0.21873231146300848,-0.42929971809136475,0.05334609564429064,183,chr17,78264297,cg11606607,-0.3240160147771866,7.560412481100993e-9,8.121454509607359,chr17,78264297,RNF213;RNF213,17,78264297,RNF213,0.006533345566368386
1.4163799861405565e-8,0.002039945996305557,0.012239605158834035,-5.951088090369416,-0.06387627809337669,-0.042692581991900874,-0.0850599741948525,0.010733546054669734,183,chr5,33852528,cg06893139,-0.06387627809337669,1.4163799861405565e-8,7.848820218577388,chr5,33852528,ADAMTS12,5,33852528,ADAMTS12,0.012239675977833342
1.9816648904732906e-8,0.002446370969188964,0.01712447788442932,5.884775449658636,0.3030131719109389,0.4046357305315494,0.20139061329032842,0.05149103385559361,183,chr3,32400704,cg19726630,0.3030131719109389,1.9816648904732906e-8,7.702969785028868,chr3,32400704,CMTM8,3,32400704,CMTM8,0.01712459678432275
1.0144238113213842e-7,0.01095770456751246,0.08766092644343175,-5.555382255845705,-0.1962235692775401,-0.12651346421467222,-0.26593367434040793,0.03532134428212603,183,chr2,121717644,cg11398095,-0.1962235692775401,1.0144238113213842e-7,6.9937805652548155,chr2,121717644,GLI2,2,121717644,GLI2,0.08766163654009967
1.5941320163111685e-7,0.015306359668436988,0.13775596171031984,-5.46198842118959,-0.10552129743665649,-0.06739296068851217,-0.1436496341848008,0.01931920928782829,183,chr11,118344130,cg13750061,-0.10552129743665649,1.5941320163111685e-7,6.797475715824868,chr11,118214845,CD3G;CD3D;CD3D,11,118344130,CD3G,0.1377572370159329
2.0552934662883543e-7,0.01776085959480014,0.17760674618388173,-5.409029978648615,-0.06859454860310193,-0.043566399853307444,-0.09362269735289643,0.012681487969907593,183,chr11,121025856,cg09696135,-0.06859454860310193,2.0552934662883543e-7,6.687126158366912,chr11,121025856,TECTA,11,121025856,TECTA,0.1776085959480014
2.5068339744155537e-7,0.01830220721784518,0.21662605243194055,-5.367398812815712,-0.234168410764857,-0.14806448434625047,-0.32027233718346354,0.04362791343280366,183,chr2,238639895,cg08571639,-0.234168410764857,2.5068339744155537e-7,6.600874428061258,chr2,238639895,LRRFIP1;LRRFIP1;LRRFIP1;LRRFIP1;LRRFIP1,2,238639895,LRRFIP1,0.21662855926591496
2.8307621790763927e-7,0.01830220721784518,0.24461776601892532,-5.341819450497346,-0.16072798663619636,-0.10134516730586539,-0.22011080596652732,0.030088622074494094,183,chr3,51827889,cg18363564,-0.16072798663619636,2.8307621790763927e-7,6.548096615500067,chr3,51861905,IQCF3;IQCF3,3,51827889,IQCF3,0.24462087985732228
2.8349087610987866e-7,0.01830220721784518,0.24497580568159055,-5.3415108584021,-0.1467034030563419,-0.09249899749455434,-0.20090780861812949,0.027464776716793548,183,chr8,29778333,cg11388547,-0.1467034030563419,2.8349087610987866e-7,6.547460913910039,chr8,29778333,LOC286135,8,29778333,LOC286135,0.24497920757210387
3.172651269987648e-7,0.01830220721784518,0.27416116957958564,-5.317745793411582,-0.1597965852957991,-0.10049061232756924,-0.21910255826402897,0.030049684867181688,183,chr8,22642263,cg13866190,-0.1597965852957991,3.172651269987648e-7,6.498577661855882,chr8,22499776,FLJ14107;BIN3,8,22642263,FLJ14107,0.27416529402623663
3.1769076304594296e-7,0.01830220721784518,0.27452866059699504,5.317462304069326,0.03331180436239362,0.04567561232337927,0.020947996401407973,0.006264605644106005,183,chr6,33248472,cg12218999,0.03331180436239362,3.1769076304594296e-7,6.497995412231382,chr6,33216249,,6,33248472,NA,0.2745331082676777
3.7254542612487215e-7,0.02012099219229128,0.32193028689526865,-5.283710491209402,-0.08610165407455841,-0.05394054665439357,-0.11826276149472326,0.01629567975342464,183,chr7,7924714,cg20968069,-0.08610165407455841,3.7254542612487215e-7,6.428820764224315,chr7,7924714,,7,7924714,NA,0.3219358750766605
4.584140610354648e-7,0.023302319274818763,0.3961320930469424,5.239543151086184,0.06317574556889767,0.0869723761104164,0.03937911502737894,0.012057491225318188,183,chrX,31266915,cg09192059,0.06317574556889767,4.584140610354648e-7,6.338742069626059,chrX,31285032,DMD;DMD;DMD;DMD;DMD;DMD;DMD;DMD;DMD;DMD;DMD;DMD;DMD;DMD;DMD;DMD;DMD;DMD,23,31266915,DMD,0.39613942767191895
5.424748882659574e-7,0.026043375535822425,0.4687715375717031,5.203506701088453,0.13003477873670868,0.17935464817548447,0.0807149092979329,0.024989835933046538,183,chr4,158394288,cg01024679,0.13003477873670868,5.424748882659574e-7,6.265620360963201,chr4,159315440,,4,158394288,NA,0.4687807596448036
5.773397263230575e-7,0.02613504665868478,0.49889888706644897,-5.19013242757301,-0.13341401090356314,-0.08268206565321504,-0.18414595615391124,0.025705319231314815,183,chr17,74641236,cg01686178,-0.13341401090356314,5.773397263230575e-7,6.23856855798847,chr17,74641236,ST6GALNAC1;ST6GALNAC1;ST6GALNAC1,17,74641236,ST6GALNAC1,0.4989092791815228
6.048715193318949e-7,0.02613504665868478,0.5226894406148284,-5.180114856607515,-0.1731823892093191,-0.10720078794388592,-0.23916399047475229,0.03343215237562072,183,chr6,10482947,cg27325096,-0.1731823892093191,6.048715193318949e-7,6.218336863977018,chr6,10482947,,6,10482947,NA,0.5227009331736956
6.579841371194285e-7,0.0270761099076204,0.568585148377286,-5.161983198679153,-0.07545816836026509,-0.04660801103037887,-0.1043083256901513,0.014618057722383384,183,chr4,47625753,cg23441066,-0.07545816836026509,6.579841371194285e-7,6.181784576362552,chr4,47625753,CORIN;CORIN;CORIN;CORIN,4,47625753,CORIN,0.5685983080600284
7.752831857862322e-7,0.02877705727097002,0.6699462346166426,5.126518543936493,0.2518580133957209,0.34881782302912306,0.15489820376231872,0.049128470176629274,183,chr6,113128231,cg22849321,0.2518580133957209,7.752831857862322e-7,6.110539634835397,chr6,113128231,,6,113128231,NA,0.6699625155635441
7.92356557241058e-7,0.02877705727097002,0.6846990718087155,-5.121796912451922,-0.22359101965873307,-0.13743403006236668,-0.3097480092550995,0.04365479996193268,183,chr17,80748264,cg03529720,-0.22359101965873307,7.92356557241058e-7,6.101079343668182,chr17,80748264,TBCD,17,80748264,TBCD,0.6847165036529748
7.992220980837635e-7,0.02877705727097002,0.6906309923950245,-5.1199260582931165,-0.15016088897578647,-0.09227780591402279,-0.20804397203755015,0.029328722185852654,183,chr14,66537014,cg24428529,-0.15016088897578647,7.992220980837635e-7,6.097332516594936,chr14,66537014,,14,66537014,NA,0.6906493745032805
8.842373682399977e-7,0.030564619609573223,0.7640942685424927,5.097970818249094,0.13830405987450967,0.1918462457150969,0.08476187403392244,0.027129237260328294,183,chr21,37531869,cg05075169,0.13830405987450967,8.842373682399977e-7,6.053431135576371,chr21,38904171,,21,37531869,NA,0.7641154902393306
9.769230144124713e-7,0.03246961449040638,0.8441855536752056,-5.076257738700536,-0.12241364972938869,-0.07482047284044448,-0.17000682661833288,0.02411493979041442,183,chr6,33772694,cg10479493,-0.12241364972938869,9.769230144124713e-7,6.010139659140183,chr6,33772694,MLN;MLN,6,33772694,MLN,0.844209976750566
1.0204773371979752e-6,0.03266101969978906,0.8818209994835375,-5.066736933696542,-0.03512610988623209,-0.021443775097762977,-0.048808444674701204,0.006932688700023965,183,chr5,177983110,cg13020736,-0.03512610988623209,1.0204773371979752e-6,5.9911966356702555,chr5,177983110,COL23A1,5,177983110,COL23A1,0.8818475318943046
1.1149672208494576e-6,0.03441075549398216,0.9634710497165375,-5.047370008559856,-0.2123011883025622,-0.12928824821835094,-0.29531412838677346,0.042061744619974306,183,chr1,66723453,cg16434774,-0.2123011883025622,1.1149672208494576e-6,5.952737900340898,chr1,66723453,PDE4B;PDE4B;PDE4B;PDE4B;PDE4B,1,66723453,PDE4B,0.9635011538315005
1.156211411618736e-6,0.03445318633700531,0.9991100298536286,-5.039411382475814,-0.13594499252141365,-0.08270451819832005,-0.18918546684450727,0.026976363349527778,183,chr6,170479824,cg03867979,-0.13594499252141365,1.156211411618736e-6,5.936962748523791,chr6,170479824,,6,170479824,NA,0.999142403773154
1.374557767913929e-6,0.03959422814194525,1,-5.001391956366633,-0.12471184419317356,-0.0754993560047763,-0.17392433238157085,0.024935427033351956,183,chr4,153516867,cg07244177,-0.12471184419317356,1.374557767913929e-6,5.86183700354037,chr4,153516867,,4,153516867,NA,1
1.7253019416861166e-6,0.04797620036184258,1,-4.951138667461435,-0.23476351720293584,-0.14118330385441558,-0.3283437305514561,0.04741606587304585,183,chr10,135158973,cg12226682,-0.23476351720293584,1.7253019416861166e-6,5.763134888919446,chr10,135158973,,10,135158973,NA,1
1.7947277203836622e-6,0.04797620036184258,1,-4.94237969159879,-0.17067920162901218,-0.10252337183113293,-0.23883503142689144,0.034533810083255644,183,chr15,25981177,cg02747151,-0.17067920162901218,1.7947277203836622e-6,5.746001429260772,chr15,25981177,ATP10A,15,25981177,ATP10A,1
1.8321020051342877e-6,0.04797620036184258,1,4.937799473655648,0.123413564305442,0.1727409341930582,0.07408619441782581,0.024993636328061345,183,chr11,134503390,cg24996315,0.123413564305442,1.8321020051342877e-6,5.737050349972928,chr11,134373284,,11,134503390,NA,1
